,company_name,company_rating,other_data
0,AU Small Finance Bank,4.4,"Banking , 10k-50k Employees , Fortune India 500 , 28 years old , Jaipur +409 more"
1,Teleperformance,3.8,"BPO , 50k-1 Lakh Employees , Forbes Global 2000 , 46 years old , Jaipur +192 more"
2,Genpact,3.9,"IT Services & Consulting , 1 Lakh+ Employees , Public , 27 years old , Jaipur +112 more"
3,ICICI Bank,4.0,"Banking , 1 Lakh+ Employees , Public , 30 years old , Jaipur +1295 more"
4,HDFC Bank,4.0,"Banking , 1 Lakh+ Employees , Public , 30 years old , Jaipur +1560 more"
5,Hero MotoCorp,4.2,"Automobile , 5k-10k Employees , Public , 40 years old , Jaipur +315 more"
6,Deutsche Bank,4.0,"Banking , 10k-50k Employees , Fortune India 500 , 154 years old , Jaipur +38 more"
7,Kogta Financial India Limited,4.8,"NBFC , 1k-5k Employees , Public , 28 years old , Jaipur +206 more"
8,NBC Bearings,3.9,"Auto Components , 1k-5k Employees , Public , 78 years old , Jaipur +25 more"
12,Aavas Financiers,4.0,"Financial Services , 5k-10k Employees , Public , 13 years old , Jaipur +235 more"
15,Infosys,3.8,"IT Services & Consulting , 1 Lakh+ Employees , Public , 43 years old , Jaipur +182 more"
16,Jio,4.0,"Telecom , 50k-1 Lakh Employees , Public , 6 years old , Jaipur +1175 more"
17,MetLife,4.3,"Insurance , 1k-5k Employees , Forbes Global 2000 , 16 years old , Jaipur +39 more"
18,BYJU'S,3.1,"EdTech , 10k-50k Employees , Indian Unicorn , 13 years old , Jaipur +307 more"
19,Celebal Technologies,2.7,"IT Services & Consulting , 1k-5k Employees , Startup , 9 years old , Jaipur +15 more"
20,Vodafone Idea,4.2,"Telecom , 5k-10k Employees , Public , 6 years old , Jaipur +637 more"
21,H.G. Infra Engineering,4.4,"Engineering & Construction , 1k-5k Employees , Public , 21 years old , Jaipur +77 more"
24,Bosch,4.3,"Auto Components , 5k-10k Employees , Public , 138 years old , Jaipur +103 more"
25,Axis Bank,3.9,"Banking , 50k-1 Lakh Employees , Public , 31 years old , Jaipur +1317 more"
26,Kotak Mahindra Bank,3.9,"Banking , 50k-1 Lakh Employees , Public , 21 years old , Jaipur +573 more"
27,Mahindra & Mahindra,4.2,"Automobile , 1 Lakh+ Employees , Public , 79 years old , Jaipur +480 more"
28,Bharti Airtel,4.1,"Telecom , 10k-50k Employees , Public , 29 years old , Jaipur +660 more"
29,Vaibhav Global,3.4,"Jewellery , 1k-5k Employees , Public , 44 years old , Jaipur +8 more"
30,IDFC FIRST Bank,4.0,"Banking , 10k-50k Employees , Public , 6 years old , Jaipur +588 more"
33,Genus Power Infrastructures,4.0,"Consumer Electronics & Appliances , 1k-5k Employees , Public , 32 years old , Jaipur +45 more"
39,IndusInd Bank,3.7,"Banking , 10k-50k Employees , Public , 30 years old , Jaipur +689 more"
42,Ericsson,4.3,"Telecom , 10k-50k Employees , Forbes Global 2000 , 148 years old , Jaipur +151 more"
44,Larsen & Toubro Limited,4.1,"Engineering & Construction , 10k-50k Employees , Public , 86 years old , Jaipur +623 more"
46,SK Finance Limited,4.1,"NBFC , 10k-50k Employees , Public , 30 years old , Jaipur +149 more"
48,Gravita,4.4,"Metals & Mining , 201-500 Employees , Public , 32 years old , Jaipur +13 more"
49,Paytm,3.5,"FinTech , 10k-50k Employees , Public , 14 years old , Jaipur +327 more"
50,Amazon,4.1,"Internet , 1 Lakh+ Employees , Public , 30 years old , Jaipur +455 more"
51,CarDekho,3.7,"Internet , 1k-5k Employees , Indian Unicorn , 16 years old , Jaipur +68 more"
57,Mayur Uniquoters,4.2,"Leather , 501-1k Employees , Public , 32 years old , Jaipur +7 more"
59,Reliance Industries,4.1,"Oil & Gas , 1 Lakh+ Employees , Public , 47 years old , Jaipur +687 more"
61,HDFC Life,4.1,"Insurance , 10k-50k Employees , Public , 24 years old , Jaipur +563 more"
62,DealShare,3.5,"Internet , 1k-5k Employees , Indian Unicorn , 6 years old , Jaipur +45 more"
64,Ess Kay Fincorp,4.1,"NBFC , 5k-10k Employees , Public , 30 years old , Jaipur +108 more"
65,JustDial,3.6,"Internet , 10k-50k Employees , Public , 28 years old , Jaipur +181 more"
69,UltraTech Cement,4.2,"Building Material , 10k-50k Employees , Public , 41 years old , Jaipur +433 more"
71,Oyo Rooms,3.4,"Hospitality , 1k-5k Employees , Indian Unicorn , 11 years old , Jaipur +113 more"
73,Asian Paints,4.1,"Chemicals , 5k-10k Employees , Public , 82 years old , Jaipur +443 more"
75,ICICI Prudential Life Insurance,4.1,"Insurance , 10k-50k Employees , Public , 24 years old , Jaipur +450 more"
76,Yes Bank,3.9,"Banking , 10k-50k Employees , Public , 20 years old , Jaipur +447 more"
79,Flipkart,4.0,"Internet , 10k-50k Employees , Public , 17 years old , Jaipur +516 more"
81,Consulting Engineers Group,4.2,"Engineering & Construction , 1k-5k Employees , Public , 40 years old , Jaipur +55 more"
82,Bajaj Finserv,4.1,"Financial Services , 50k-1 Lakh Employees , Public , 17 years old , Jaipur +904 more"
86,IIFL Finance,4.0,"NBFC , 10k-50k Employees , Public , 29 years old , Jaipur +673 more"
91,Vivo,4.1,"Consumer Electronics & Appliances , 5k-10k Employees , Conglomerate , 15 years old , Jaipur +373 more"
92,Wipro,3.8,"IT Services & Consulting , 1 Lakh+ Employees , Public , 79 years old , Jaipur +272 more"
93,Dainik Bhaskar Group,4.4,"Printing & Publishing , 5k-10k Employees , Public , 66 years old , Jaipur +128 more"
94,Narayana Health,4.2,"Healthcare , 10k-50k Employees , Fortune India 500 , 24 years old , Jaipur +57 more"
95,Samsung,4.1,"Consumer Electronics & Appliances , 50k-1 Lakh Employees , Public , 55 years old , Jaipur +499 more"
98,L&T Construction,4.1,"Engineering & Construction , 5k-10k Employees , Public , 80 years old , Jaipur +360 more"
100,L&T Construction,4.1,"Engineering & Construction , 5k-10k Employees , Public , 80 years old , Jaipur +360 more"
103,Delhivery,4.0,"Logistics , 10k-50k Employees , Fortune India 500 , 13 years old , Jaipur +632 more"
104,Quess,4.0,"BPO , 1k-5k Employees , Public , 17 years old , Jaipur +542 more"
107,KEC International,4.1,"Engineering & Construction , 5k-10k Employees , Public , 79 years old , Jaipur +261 more"
110,OPPO,4.0,"Consumer Electronics & Appliances , 10k-50k Employees , Public , 20 years old , Jaipur +354 more"
116,DMart,4.0,"Retail , 10k-50k Employees , Fortune India 500 , 22 years old , Jaipur +213 more"
117,MyTeam11,4.6,"Gaming , 201-500 Employees , Startup , 8 years old , Jaipur +1 more"
123,Indian Army,4.7,"Defence & Aerospace , 1 Lakh+ Employees , Public , 129 years old , Jaipur +326 more"
126,Shalby Hospitals,4.6,"Healthcare , 1k-5k Employees , Public , 30 years old , Jaipur +23 more"
130,Bandhan Bank,3.8,"Banking , 50k-1 Lakh Employees , Public , 23 years old , Jaipur +782 more"
132,Ashiana Housing,4.1,"Real Estate , 501-1k Employees , Public , 45 years old , Jaipur +16 more"
133,ITC,4.0,"FMCG , 10k-50k Employees , Public , 114 years old , Jaipur +301 more"
135,Reliance Communications,4.0,"Telecom , 201-500 Employees , Public , 22 years old , Jaipur +420 more"
139,Equitas Small Finance Bank,4.4,"Banking , 10k-50k Employees , Fortune India 500 , 17 years old , Jaipur +368 more"
143,Havells,4.1,"Electrical Equipment , 5k-10k Employees , Public , 41 years old , Jaipur +185 more"
144,Varun Beverages,4.1,"Beverage , 5k-10k Employees , Public , 29 years old , Jaipur +286 more"
146,Tata Motors,4.2,"Automobile , 10k-50k Employees , Public , 79 years old , Jaipur +433 more"
148,USHA International,4.2,"Consumer Electronics & Appliances , 1k-5k Employees , Public , 90 years old , Jaipur +111 more"
149,Fortis Escorts Hospital,4.1,"Healthcare , 5k-10k Employees , Public , 36 years old , Jaipur +15 more"
152,Muthoot Finance,3.6,"NBFC , 10k-50k Employees , Public , 85 years old , Jaipur +645 more"
153,Accenture,4.0,"IT Services & Consulting , 1 Lakh+ Employees , Public , 35 years old , Jaipur +181 more"
156,Jana Small Finance Bank,3.9,"Banking , 10k-50k Employees , Public , 18 years old , Jaipur +354 more"
159,Tata Capital,4.2,"NBFC , 5k-10k Employees , Fortune India 500 , 17 years old , Jaipur +236 more"
160,State Bank of India,3.9,"Banking , 1 Lakh+ Employees , Fortune India 500 , 218 years old , Jaipur +491 more"
161,Shoppers Stop,4.1,"Retail , 5k-10k Employees , Public , 33 years old , Jaipur +66 more"
163,Poly Medicure,3.7,"Medical Equipment , 1k-5k Employees , Public , 27 years old , Jaipur +29 more"
164,RMC SWITCHGEARS,3.4,"Electrical Equipment , 201-500 Employees , Public , 30 years old , Jaipur +5 more"
171,Shriram Finance,4.1,"NBFC , 50k-1 Lakh Employees , Public , 45 years old , Jaipur +966 more"
173,Marriott International,4.3,"Hospitality , 10k-50k Employees , Forbes Global 2000 , 97 years old , Jaipur +73 more"
176,Shree Cement,4.0,"Building Material , 5k-10k Employees , Public , 45 years old , Jaipur +197 more"
177,DS Group,4.1,"FMCG , 1k-5k Employees , Conglomerate , 95 years old , Jaipur +208 more"
178,ElasticRun,3.4,"Logistics , 1k-5k Employees , Indian Unicorn , 8 years old , Jaipur +348 more"
180,Indus Towers,4.0,"Telecom , 1k-5k Employees , Fortune India 500 , 17 years old , Jaipur +159 more"
184,JK Cement,4.2,"Building Material , 1k-5k Employees , Public , 49 years old , Jaipur +244 more"
185,Fortis Healthcare,4.1,"Healthcare , 1k-5k Employees , Public , 28 years old , Jaipur +61 more"
186,Woodenstreet.com,3.5,"Furniture & Furnishing , 51-200 Employees , Startup , 9 years old , Jaipur +22 more"
190,Maruti Suzuki,4.2,"Automobile , 10k-50k Employees , Public , 43 years old , Jaipur +380 more"
195,Fexle Services,4.6,"IT Services & Consulting , 51-200 Employees , Public , 11 years old , Jaipur"
197,Ujjivan Small Finance Bank,4.1,"Banking , 10k-50k Employees , Public , 7 years old , Jaipur +447 more"
198,Tractors and Farm Equipment,4.1,"Industrial Machinery , 10k-50k Employees , Public , 64 years old , Jaipur +163 more"
201,ICICI Lombard General Insurance Company,3.8,"Insurance , 10k-50k Employees , Public , 23 years old , Jaipur +264 more"
208,Emami Agrotech,3.9,"Food Processing , 1k-5k Employees , Public , 22 years old , Jaipur +52 more"
211,CARS24,3.7,"Internet , 5k-10k Employees , Indian Unicorn , 9 years old , Jaipur +148 more"
212,Genesys International Corporation,3.8,"IT Services & Consulting , 1k-5k Employees , Public , 29 years old , Jaipur +14 more"
213,PhonePe,4.1,"FinTech , 5k-10k Employees , Indian Unicorn , 9 years old , Jaipur +240 more"
216,Berger Paints,3.8,"Chemicals , 1k-5k Employees , Public , 101 years old , Jaipur +261 more"
222,Voylla,3.9,"Jewellery , 201-500 Employees , Startup , 12 years old , Jaipur +37 more"
223,Tata Projects,4.3,"Engineering & Construction , 5k-10k Employees , Public , 45 years old , Jaipur +237 more"
226,DCB Bank,3.9,"Banking , 5k-10k Employees , Fortune India 500 , 94 years old , Jaipur +305 more"
227,Fleeca India,3.2,"Logistics , 51-200 Employees , Startup , 8 years old , Jaipur +12 more"
228,Dabur,3.8,"FMCG , 5k-10k Employees , Public , 140 years old , Jaipur +250 more"
233,Inox Leisure,4.1,"Media & Entertainment , 1k-5k Employees , Public , 25 years old , Jaipur +86 more"
237,Pidilite Industries,4.4,"Chemicals , 5k-10k Employees , Public , 65 years old , Jaipur +242 more"
240,Indiabulls Home Loans,3.9,"NBFC , 5k-10k Employees , Public , 19 years old , Jaipur +190 more"
241,Cholamandalam Investment & Finance,4.1,"NBFC , 10k-50k Employees , Fortune India 500 , 46 years old , Jaipur +645 more"
243,Mahindra Finance,4.3,"NBFC , 10k-50k Employees , Public , 33 years old , Jaipur +632 more"
247,WeNet Global,5.0,"IT Services & Consulting , 51-200 Employees , Startup , 2 years old , Jaipur +3 more"
248,RBL Bank,3.8,"Banking , 10k-50k Employees , Public , 81 years old , Jaipur +226 more"
249,Bank of Baroda,3.6,"Banking , 50k-1 Lakh Employees , Fortune India 500 , 116 years old , Jaipur +242 more"
250,PNB MetLife,3.5,"Insurance , 5k-10k Employees , Conglomerate , 23 years old , Jaipur +326 more"
252,Swiggy,3.9,"Internet , 5k-10k Employees , Indian Unicorn , 10 years old , Jaipur +193 more"
256,Capri Global Capital,3.7,"NBFC , 1k-5k Employees , Public , 27 years old , Jaipur +218 more"
259,Poonawalla Fincorp,3.9,"NBFC , 1k-5k Employees , Public , 36 years old , Jaipur +246 more"
267,Health Care Global Enterprises,4.2,"Healthcare , 5k-10k Employees , Public , 35 years old , Jaipur +40 more"
269,Data Ingenious Global,3.8,"IT Services & Consulting , 501-1k Employees , Public , 29 years old , Jaipur +14 more"
270,Blinkit,3.9,"Internet , 1k-5k Employees , Indian Unicorn , 11 years old , Jaipur +64 more"
280,JK Lakshmi Cement,3.9,"Building Material , 1k-5k Employees , Public , 42 years old , Jaipur +112 more"
281,Indian Oil Corporation,4.4,"Oil & Gas , 10k-50k Employees , Fortune India 500 , 65 years old , Jaipur +261 more"
282,Manappuram Finance,4.0,"NBFC , 10k-50k Employees , Public , 75 years old , Jaipur +513 more"
292,Future Group,4.3,"Retail , 10k-50k Employees , Conglomerate , 11 years old , Jaipur +196 more"
295,Mahindra Rural Housing Finance,4.1,"NBFC , 10k-50k Employees , Public , 17 years old , Jaipur +415 more"
296,NeuroEquilibrium,4.3,"Healthcare , 51-200 Employees , Startup , 9 years old , Jaipur +12 more"
303,BigBasket,4.0,"Internet , 10k-50k Employees , Indian Unicorn , 13 years old , Jaipur +116 more"
306,Trent,4.1,"Retail , 10k-50k Employees , Public , 26 years old , Jaipur +110 more"
307,Vakrangee,3.7,"BPO , 1k-5k Employees , Public , 34 years old , Jaipur +84 more"
314,Sandhar Technologies,3.9,"Auto Components , 1k-5k Employees , Public , 37 years old , Jaipur +28 more"
315,ITC Hotels,4.2,"Hospitality , 5k-10k Employees , Public , 49 years old , Jaipur +76 more"
316,Lenskart,3.3,"Internet , 5k-10k Employees , Indian Unicorn , 14 years old , Jaipur +171 more"
319,McDonald's,4.2,"Hospitality , 1k-5k Employees , Forbes Global 2000 , 69 years old , Jaipur +138 more"
320,Sandhar Technologies,3.9,"Auto Components , 1k-5k Employees , Public , 37 years old , Jaipur +28 more"
321,McDonald's,4.2,"Hospitality , 1k-5k Employees , Forbes Global 2000 , 69 years old , Jaipur +138 more"
322,Domino's Pizza,4.0,"Hospitality , 1k-5k Employees , Public , 64 years old , Jaipur +217 more"
323,Kotak Mahindara Life Insurance,3.9,"Insurance , 10k-50k Employees , Public , 23 years old , Jaipur +212 more"
324,TTK Healthcare,4.2,"Healthcare , 1k-5k Employees , Public , 96 years old , Jaipur +69 more"
325,Abbott,4.2,"Pharma , 10k-50k Employees , Public , 136 years old , Jaipur +169 more"
326,TCS,3.8,"IT Services & Consulting , 1 Lakh+ Employees , Public , 56 years old , Jaipur +349 more"
329,Lenskart,3.3,"Internet , 5k-10k Employees , Indian Unicorn , 14 years old , Jaipur +171 more"
331,Bharat Financial Inclusion,4.0,"NBFC , 10k-50k Employees , Public , 26 years old , Jaipur +345 more"
338,Habilelabs,4.1,"Emerging Technologies , 51-200 Employees , Startup , 8 years old , Jaipur +1 more"
339,LG Electronics,4.1,"Consumer Electronics & Appliances , 1k-5k Employees , Public , 66 years old , Jaipur +246 more"
341,Habilelabs,4.1,"Emerging Technologies , 51-200 Employees , Startup , 8 years old , Jaipur +1 more"
342,Jubilant Foods Works,3.9,"Hospitality , 10k-50k Employees , Public , 29 years old , Jaipur +198 more"
346,Cipla,4.1,"Pharma , 10k-50k Employees , Public , 89 years old , Jaipur +239 more"
351,Tata Play,4.0,"Broadcasting , 5k-10k Employees , Public , 18 years old , Jaipur +190 more"
355,Electronica Finance,4.2,"NBFC , 1k-5k Employees , Public , 34 years old , Jaipur +104 more"
356,Digamber Capfin,4.3,"Financial Services , 51-200 Employees , Public , 29 years old , Jaipur +13 more"
357,Hilton,4.4,"Hospitality , 1k-5k Employees , Forbes Global 2000 , 105 years old , Jaipur +36 more"
359,Mahindra Logistics,4.1,"Logistics , 1k-5k Employees , Public , 24 years old , Jaipur +133 more"
366,Hindustan Unilever,4.3,"FMCG , 10k-50k Employees , Public , 152 years old , Jaipur +436 more"
371,InterGlobe Aviation,3.6,"Aviation , 10k-50k Employees , Fortune India 500 , 19 years old , Jaipur +90 more"
372,HCL Infosystems,4.1,"IT Services & Consulting , 51-200 Employees , Public , 48 years old , Jaipur +105 more"
378,Crowne Plaza,4.1,"Hospitality , 501-1k Employees , Public , 41 years old , Jaipur +28 more"
385,Royal Orchid Hotels,4.0,"Hospitality , 1k-5k Employees , Public , 38 years old , Jaipur +42 more"
387,Patanjali Ayurved,3.2,"FMCG , 1k-5k Employees , Fortune India 500 , 18 years old , Jaipur +254 more"
389,BlackBuck,3.9,"Internet , 1k-5k Employees , Indian Unicorn , 9 years old , Jaipur +320 more"
391,Metro Cash & Carry,4.3,"Retail , 1k-5k Employees , Forbes Global 2000 , 21 years old , Jaipur +77 more"
392,Ashok Leyland,4.1,"Automobile , 5k-10k Employees , Public , 76 years old , Jaipur +216 more"
393,HDFC Ergo General Insurance,4.0,"Insurance , 10k-50k Employees , Public , 22 years old , Jaipur +236 more"
395,Future Retail,4.3,"Retail , 10k-50k Employees , Public , 37 years old , Jaipur +196 more"
397,Wipro Infotech,4.0,"IT Services & Consulting , 1 Lakh+ Employees (Global) , MNC , 79 years old , Jaipur +118 more"
408,Lifestyle,4.4,"Retail , 10k-50k Employees , Fortune India 500 , 25 years old , Jaipur +114 more"
410,Toppr,3.4,"EdTech , 1k-5k Employees , Startup , 11 years old , Jaipur +43 more"
415,Tax2win,4.1,"Internet , 51-200 Employees , Startup , 9 years old , Jaipur +1 more"
418,Adecco Group,3.8,"Recruitment , 1k-5k Employees , Forbes Global 2000 , 25 years old , Jaipur +125 more"
425,Nippon Paint India,4.1,"Chemicals , 1k-5k Employees , Forbes Global 2000 , 143 years old , Jaipur +122 more"
426,Kotak Securities,3.7,"Financial Services , 5k-10k Employees , Conglomerate , 30 years old , Jaipur +116 more"
428,Shriram Housing Finance,4.0,"Financial Services , 501-1k Employees , Public , 14 years old , Jaipur +117 more"
429,Kansai Nerolac Paints,3.9,"Chemicals , 1k-5k Employees , Public , 104 years old , Jaipur +182 more"
430,Muthoot Fincorp,4.1,"NBFC , 10k-50k Employees , Conglomerate , 137 years old , Jaipur +548 more"
432,Shadowfax Technologies,3.7,"Logistics , 1k-5k Employees , Public , 9 years old , Jaipur +162 more"
433,Autolite (India),3.3,"Auto Components , 501-1k Employees , Public , 54 years old , Jaipur +5 more"
438,Exide Industries,3.6,"Auto Components , 5k-10k Employees , Public , 77 years old , Jaipur +186 more"
439,WholesaleBox Internet,4.2,"Fashion & Textile , 11-50 Employees , Startup , 9 years old , Jaipur +7 more"
443,V-Mart,4.2,"Retail , 5k-10k Employees , Public , 22 years old , Jaipur +241 more"
446,Toppersnotes,3.9,"Internet , 51-200 Employees , Startup , 9 years old , Jaipur"
447,Delhi Public School,3.9,"Education & Training , 1k-5k Employees , Public , 26 years old , Jaipur +234 more"
450,Safexpress,4.1,"Logistics , 1k-5k Employees , Conglomerate , 27 years old , Jaipur +141 more"
451,Aditya Birla Capital,4.0,"Financial Services , 10k-50k Employees , Public , 7 years old , Jaipur +192 more"
452,CMS IT Services,3.2,"IT Services & Consulting , 5k-10k Employees , Startup , 10 years old , Jaipur +135 more"
453,Rajasthan Electronics & Instruments,3.2,"Electronics Manufacturing , 51-200 Employees , Central , 43 years old , Jaipur +13 more"
454,ImaginXP,3.2,"Education & Training , 51-200 Employees (Global) , Startup , 11 years old , Jaipur +7 more"
455,Nuvoco Vistas,4.2,"Building Material , 1k-5k Employees , Fortune India 500 , 25 years old , Jaipur +139 more"
459,L&T Finance,4.0,"NBFC , 10k-50k Employees , Public , 30 years old , Jaipur +474 more"
464,CK Birla Group,4.2,"Building Material , 1k-5k Employees , Conglomerate , 162 years old , Delhi/NCR +45 more"
465,Sony,4.3,"Consumer Electronics & Appliances , 1k-5k Employees , Public , 30 years old , Delhi/NCR +122 more"
466,Team Lease,4.0,"Recruitment , 1k-5k Employees , Public , 8 years old , Bangalore/Bengaluru +311 more"
469,Bajaj Auto,3.9,"Automobile , 5k-10k Employees , Public , 79 years old , Pune +258 more"
472,TVS Motor,4.1,"Automobile , 5k-10k Employees , Public , 45 years old , Chennai +279 more"
474,XpressBees,3.8,"Logistics , 5k-10k Employees , Indian Unicorn , 9 years old , Pune +238 more"
477,Manglam Build Developers,2.9,"Real Estate , 501-1k Employees , Public , 24 years old , Jaipur +3 more"
481,Spicejet,3.5,"Aviation , 5k-10k Employees , Public , 20 years old , Jaipur +57 more"
482,Alkem Laboratories,4.0,"Pharma , 10k-50k Employees , Public , 51 years old , Jaipur +165 more"
487,LeadsGuru,4.3,"EdTech , 11-50 Employees , Startup , 4 years old , Jaipur +23 more"
488,SYSKA LED Lights,2.9,"Consumer Electronics & Appliances , 1k-5k Employees (Global) , Startup , 12 years old , Jaipur +151 more"
489,Reliance SMSL,4.0,"BPO , 1k-5k Employees , Public , 17 years old , Jaipur +489 more"
490,Godrej & Boyce Manufacturing,4.0,"Consumer Electronics & Appliances , 10k-50k Employees , Fortune India 500 , 127 years old , Jaipur +129 more"
494,Dhanuka Agritech,3.9,"Agro Chemicals , 1k-5k Employees , Public , 42 years old , Jaipur +79 more"
495,GAIL,4.5,"Oil & Gas , 1k-5k Employees , Fortune India 500 , 40 years old , Jaipur +93 more"
496,Pernod Ricard,3.9,"Beverage , 1k-5k Employees , Forbes Global 2000 , 49 years old , Jaipur +94 more"
497,Apollo Tyres,4.1,"Auto Components , 5k-10k Employees , Public , 52 years old , Jaipur +152 more"
501,Tata Motors Finance,4.2,"NBFC , 1k-5k Employees , Conglomerate , 67 years old , Jaipur +223 more"
502,Unacademy,3.3,"EdTech , 1k-5k Employees , Indian Unicorn , 9 years old , Jaipur +57 more"
508,Ceinsys Tech,3.9,"IT Services & Consulting , 501-1k Employees , Public , 26 years old , Jaipur +36 more"
513,Poddar Pigments,4.1,"Chemicals , 201-500 Employees , Public , 33 years old , Jaipur +5 more"
520,PNB Housing Finance,3.9,"Financial Services , 1k-5k Employees , Public , 36 years old , Jaipur +114 more"
521,KONE,4.3,"Industrial Machinery , 5k-10k Employees , Forbes Global 2000 , 114 years old , Jaipur +65 more"
526,Aksh Optifibre,3.6,"Telecom , 201-500 Employees , Public , 38 years old , Jaipur +12 more"
527,Blue Dart Express,4.1,"Logistics , 10k-50k Employees , Public , 41 years old , Jaipur +234 more"
531,Aurionpro Solutions,3.7,"Software Product , 1k-5k Employees , Public , 27 years old , Jaipur +32 more"
534,Tata Teleservices,4.1,"Telecom , 201-500 Employees , Public , 28 years old , Jaipur +142 more"
538,Aditya Birla Fashion and Retail,4.2,"Fashion & Textile , 10k-50k Employees , Fortune India 500 , 36 years old , Mumbai +233 more"
539,Dhabriya Polywood,3.2,"Building Material , 51-200 Employees , Public , 32 years old , Jaipur +5 more"
550,Dhabriya Polywood,3.2,"Building Material , 51-200 Employees , Public , 32 years old , Jaipur +5 more"
555,Edelweiss,3.8,"Financial Services , 1k-5k Employees , Public , 7 years old , Jaipur +108 more"
557,Adani Wilmar,4.2,"FMCG , 1k-5k Employees , Public , 25 years old , Jaipur +154 more"
561,IFB,3.7,"Consumer Electronics & Appliances , 201-500 Employees , Public , 50 years old , Jaipur +136 more"
567,Adani Wilmar,4.2,"FMCG , 1k-5k Employees , Public , 25 years old , Ahmedabad +154 more"
571,Edelweiss,3.8,"Financial Services , 1k-5k Employees , Public , 7 years old , Mumbai +108 more"
576,Escorts Kubota Limited,4.1,"Automobile , 1k-5k Employees , Public , 80 years old , Faridabad +136 more"
577,Prince Pipes & Fittings,4.3,"Building Material , 1k-5k Employees , Public , 37 years old , Mumbai +53 more"
579,Sundaram Finance,4.2,"NBFC , 1k-5k Employees , Public , 70 years old , Chennai +204 more"
583,Norsk Hydro,4.3,"Metals & Mining , 10k-50k Employees , Forbes Global 2000 , 119 years old , Jaipur +2 more"
585,Pine Labs,3.7,"FinTech , 1k-5k Employees , Indian Unicorn , 26 years old , Jaipur +80 more"
593,Care Health Insurance,3.8,"Internet , 5k-10k Employees , Public , 12 years old , Jaipur +197 more"
596,Honda,4.2,"Automobile , 10k-50k Employees , Forbes Global 2000 , 39 years old , Jaipur +192 more"
597,CG Power and Industrial Solutions,3.9,"Electrical Equipment , 1k-5k Employees , Public , 87 years old , Jaipur +79 more"
600,Lupin,4.1,"Pharma , 1k-5k Employees , Public , 56 years old , Jaipur +170 more"
602,National Informatics Centre,4.2,"Government , 1k-5k Employees , Central , 48 years old , Jaipur +63 more"
604,CG Power and Industrial Solutions,3.9,"Electrical Equipment , 1k-5k Employees , Public , 87 years old , Jaipur +79 more"
605,Honda,4.2,"Automobile , 10k-50k Employees , Forbes Global 2000 , 39 years old , Jaipur +192 more"
607,ICICI Securities,3.8,"Financial Services , 1k-5k Employees , Public , 29 years old , Jaipur +122 more"
608,Bajaj Capital,3.9,"Financial Services , 1k-5k Employees , Public , 60 years old , Jaipur +146 more"
609,Rupeek,3.7,"FinTech , 1k-5k Employees , Startup , 9 years old , Jaipur +55 more"
613,Sun Pharmaceutical Industries,4.1,"Pharma , 10k-50k Employees , Public , 41 years old , Jaipur +207 more"
617,Zomato,3.8,"Internet , 1k-5k Employees , Public , 16 years old , Jaipur +182 more"
618,CBRE,4.2,"Real Estate , 10k-50k Employees , Forbes Global 2000 , 118 years old , Gurgaon / Gurugram +75 more"
619,GlaxoSmithKline Pharmaceuticals,4.2,"Pharma , 1k-5k Employees , Fortune India 500 , 194 years old , Mumbai +179 more"
620,ART Housing Finance (India),3.8,"Financial Services , 51-200 Employees , Public , 11 years old , Jaipur +29 more"
625,CenturyPly,4.0,"Furniture & Furnishing , 1k-5k Employees , Public , 38 years old , Jaipur +99 more"
630,NLET Initiatives LLP,4.3,"Software Product , 11-50 Employees , Startup , 7 years old , Jaipur"
633,Flitpay,4.2,"Financial Services , 11-50 Employees , Startup , 7 years old , Jaipur"
635,Blue Star,4.1,"Consumer Electronics & Appliances , 1k-5k Employees , Public , 81 years old , Mumbai +133 more"
643,Lava International,4.1,"Consumer Electronics & Appliances , 1k-5k Employees , Public , 15 years old , Jaipur +210 more"
644,Reliance Capital,4.0,"Financial Services , 1k-5k Employees , Public , 19 years old , Jaipur +80 more"
645,Rivigo,3.9,"Internet , 1k-5k Employees , Indian Unicorn , 10 years old , Jaipur +151 more"
650,Bajaj Electricals,4.1,"Consumer Electronics & Appliances , 1k-5k Employees , Public , 86 years old , Jaipur +199 more"
651,Nokia,4.2,"Telecom , 10k-50k Employees , Forbes Global 2000 , 159 years old , Jaipur +149 more"
656,Tech Mahindra,3.7,"IT Services & Consulting , 1 Lakh+ Employees , Public , 38 years old , Jaipur +269 more"
664,Ways & Means Technology,4.7,"IT Services & Consulting , 11-50 Employees , Public , 15 years old , Jaipur +1 more"
675,Indian Railways,4.2,"Railways , 1 Lakh+ Employees , Central , 171 years old , Delhi/NCR +209 more"
677,Ola Cabs,3.5,"Internet , 1k-5k Employees , Indian Unicorn , 14 years old , Bangalore +97 more"
678,Intex Technologies,3.7,"Consumer Electronics & Appliances , 1k-5k Employees , Public , 28 years old , Delhi/NCR +70 more"
679,Whirlpool,4.1,"Consumer Electronics & Appliances , 1k-5k Employees , Public , 113 years old , Michigan +140 more"
680,Reliance Trends,4.4,"Retail , 1 Lakh+ Employees , Conglomerate , 18 years old , Navi Mumbai +339 more"
684,Star Health & Allied Insurance,3.9,"Insurance , 10k-50k Employees , Fortune India 500 , 18 years old , Chennai +247 more"
689,Lemon Tree Hotels,4.2,"Hospitality , 5k-10k Employees , Public , 22 years old , Delhi/NCR +66 more"
690,Schneider Electric,4.2,"Industrial Automation , 10k-50k Employees , Forbes Global 2000 , 25 years old , Paris +115 more"
694,Ola Cabs,3.5,"Internet , 1k-5k Employees , Indian Unicorn , 14 years old , Bangalore / Bengaluru +97 more"
695,Indian Railways,4.2,"Railways , 1 Lakh+ Employees , Central , 171 years old , Kolkata +209 more"
700,Aye Finance,4.2,"NBFC , 5k-10k Employees , Startup , 11 years old , Jaipur +237 more"
701,PharmEasy,3.7,"Internet , 1k-5k Employees , Indian Unicorn , 9 years old , Jaipur +56 more"
704,NSE.IT,3.6,"IT Services & Consulting , 1k-5k Employees , Public , 25 years old , Jaipur +134 more"
705,MRF Tyres,3.8,"Auto Components , 10k-50k Employees , Public , 78 years old , Jaipur +161 more"
706,Wonder Cement,4.2,"Building Material , 1k-5k Employees , Fortune India 500 , 14 years old , Jaipur +82 more"
707,VLCC,3.7,"Beauty & Personal Care , 1k-5k Employees , Conglomerate , 35 years old , Jaipur +96 more"
708,Apollo Hospitals,4.2,"Healthcare , 10k-50k Employees , Public , 41 years old , Jaipur +189 more"
709,Transcorp International,3.5,"NBFC , 501-1k Employees , Public , 30 years old , Jaipur +14 more"
726,Uber,4.2,"Internet , 1k-5k Employees , Public , 15 years old , Jaipur +44 more"
727,Yethi Consulting,3.4,"IT Services & Consulting , 501-1k Employees , Startup , 11 years old , Jaipur +11 more"
733,Renault,4.3,"Automobile , 10k-50k Employees , Forbes Global 2000 , 126 years old , Jaipur +134 more"
734,Airtel Payments Bank,4.2,"FinTech , 501-1k Employees , Public , 8 years old , Jaipur +226 more"
737,FedEx Express,4.2,"Logistics , 5k-10k Employees , Forbes Global 2000 , 53 years old , Jaipur +89 more"
743,Sharekhan,4.0,"Financial Services , 1k-5k Employees , Public , 24 years old , Jaipur +108 more"
747,Polycab Wires,4.1,"Electrical Equipment , 1k-5k Employees , Fortune India 500 , 28 years old , Jaipur +123 more"
752,Tata Communications,4.1,"Telecom , 5k-10k Employees , Public , 38 years old , Jaipur +86 more"
755,Titan Company,4.4,"Retail , 5k-10k Employees , Public , 40 years old , Jaipur +143 more"
788,IPE Global,4.0,"Management Consulting , 1k-5k Employees , Public , 26 years old , Jaipur +75 more"
789,Kajaria Ceramics,4.2,"Building Material , 1k-5k Employees , Public , 39 years old , Jaipur +66 more"
794,Recpdcl.ltd,4.0,"Facility Management Services , 1k-5k Employees , Central , 17 years old , Jaipur +62 more"
796,Xiaomi,3.9,"Consumer Electronics & Appliances , 1k-5k Employees , Forbes Global 2000 , 14 years old , Jaipur +176 more"
798,Punjab National Bank,4.1,"Banking , 1 Lakh+ Employees , Fortune India 500 , 130 years old , Jaipur +174 more"
799,IMG Global Infotech,3.6,"IT Services & Consulting , 51-200 Employees , Startup , 10 years old , Jaipur +1 more"
800,Big Bazaar,4.3,"Retail , 10k-50k Employees , Conglomerate , 23 years old , Jaipur +152 more"
804,Randstad,3.9,"Recruitment , 5k-10k Employees , Conglomerate , 32 years old , Chennai +264 more"
805,Ziqitza Health Care,4.0,"Healthcare , 5k-10k Employees , Public , 19 years old , Mumbai +52 more"
808,IMG Global Infotech,3.6,"IT Services & Consulting , 51-200 Employees , Startup , 10 years old , Jaipur +1 more"
810,Punjab National Bank,4.1,"Banking , 1 Lakh+ Employees , Fortune India 500 , 130 years old , Delhi/NCR +174 more"
811,Xiaomi,3.9,"Consumer Electronics & Appliances , 1k-5k Employees , Forbes Global 2000 , 14 years old , Haidian District +176 more"
814,Recpdcl.ltd,4.0,"Facility Management Services , 1k-5k Employees , Central , 17 years old , Noida +62 more"
819,RenewBuy,3.8,"Insurance , 1k-5k Employees , Startup , 10 years old , Gurgaon +76 more"
824,Kalyan Jewellers,4.7,"Jewellery , 5k-10k Employees , Fortune India 500 , 31 years old , Jaipur +131 more"
825,Amara Raja Energy & Mobility,4.3,"Auto Components , 5k-10k Employees , Fortune India 500 , 39 years old , Jaipur +69 more"
827,Jhandewala Foods,2.1,"FMCG , 201-500 Employees , Public , 18 years old , Jaipur +1 more"
828,FirstCry,3.8,"Retail , 1k-5k Employees , Indian Unicorn , 14 years old , Jaipur +146 more"
830,Kotak Mahindra Prime,4.0,"NBFC , 5k-10k Employees , Public , 28 years old , Jaipur +124 more"
831,DCM Shriram,4.3,"Chemicals , 5k-10k Employees , Public , 34 years old , Jaipur +75 more"
833,Sterlite Technologies,3.8,"Hardware & Networking , 1k-5k Employees , Public , 36 years old , Jaipur +80 more"
834,PwC,3.6,"Management Consulting , 10k-50k Employees , Conglomerate , 144 years old , Jaipur +93 more"
835,TerraCIS Technologies,3.8,"IT Services & Consulting , 1k-5k Employees , Public , 31 years old , Jaipur +33 more"
836,JLL,4.2,"Real Estate , 10k-50k Employees , Forbes Global 2000 , 25 years old , Jaipur +70 more"
839,Sodexo,4.1,"Facility Management Services , 10k-50k Employees , Forbes Global 2000 , 16 years old , Jaipur +131 more"
840,Spinny,3.9,"Internet , 1k-5k Employees , Indian Unicorn , 9 years old , Jaipur +43 more"
841,QUICK HEAL TECHNOLOGIES,3.9,"Software Product , 1k-5k Employees , Public , 29 years old , Jaipur +43 more"
845,ZTE Corporation,4.0,"Telecom , 201-500 Employees , Forbes Global 2000 , 21 years old , Jaipur +41 more"
856,Minimalist,2.7,"Internet , 51-200 Employees , Startup , 4 years old , Jaipur +4 more"
861,Central Institute of Plastics Engineering & Technology,3.9,"Education & Training , 51-200 Employees , Public , 56 years old , Jaipur +36 more"
863,Videocon d2h,3.9,"Internet , 501-1k Employees , Public , 15 years old , Jaipur +128 more"
865,Utkarsh Small Finance Bank,3.9,"Banking , 10k-50k Employees , Public , 15 years old , Jaipur +304 more"
866,CRYSTAL CROP PROTECTION,3.9,"Agro Chemicals , 1k-5k Employees , Public , 44 years old , Jaipur +67 more"
867,Carlsberg,4.3,"Beverage , 1k-5k Employees , Forbes Global 2000 , 177 years old , Jaipur +56 more"
870,VIP Industries,4.0,"Retail , 1k-5k Employees , Public , 53 years old , Jaipur +86 more"
871,Diageo,4.0,"Beverage , 1k-5k Employees , Public , 27 years old , Jaipur +82 more"
872,Hyundai Motor India Limited,4.4,"Automobile , 10k-50k Employees , Fortune India 500 , 57 years old , Jaipur +263 more"
874,ShopKirana,3.8,"Software Product , 501-1k Employees , Startup , 10 years old , Jaipur +21 more"
877,Cult.fit,3.8,"Fitness & Wellness , 1k-5k Employees , Indian Unicorn , 8 years old , Jaipur +35 more"
883,Ugro Capital,3.8,"NBFC , 1k-5k Employees , Public , 31 years old , Jaipur +66 more"
888,GTL Infrastructure,4.6,"Hardware & Networking , 1k-5k Employees , Public , 20 years old , Jaipur +40 more"
889,HFCL,4.2,"Hardware & Networking , 1k-5k Employees , Public , 37 years old , Jaipur +92 more"
892,Johnson & Johnson,4.2,"Pharma , 1k-5k Employees , Forbes Global 2000 , 67 years old , Jaipur +137 more"
893,Standard Chartered,3.9,"Banking , 10k-50k Employees , Fortune India 500 , 171 years old , Jaipur +58 more"
894,3i Infotech,3.6,"IT Services & Consulting , 1k-5k Employees , Public , 31 years old , Jaipur +105 more"
895,Dr. Reddy's,4.2,"Pharma , 10k-50k Employees , Public , 40 years old , Jaipur +165 more"
897,Bank of India,4.0,"Banking , 50k-1 Lakh Employees , Fortune India 500 , 118 years old , Jaipur +157 more"
901,Dr Lal PathLabs,4.2,"Healthcare , 1k-5k Employees , Public , 75 years old , Jaipur +155 more"
902,Devyani International,3.9,"Hospitality , 10k-50k Employees , Public , 33 years old , Jaipur +95 more"
909,Greenpanel Industries,4.1,"Furniture & Furnishing , 1k-5k Employees , Public , 7 years old , Jaipur +56 more"
912,Centre For Electronic Governance,4.4,"Government , 51-200 Employees (Global) , Public , 18 years old , Jaipur +17 more"
920,Fabriclore,4.4,"Internet , 11-50 Employees , Startup , 8 years old , Jaipur +1 more"
947,Ipca Laboratories,4.0,"Pharma , 10k-50k Employees , Public , 75 years old , Jaipur +128 more"
950,Orient Electric,4.0,"Consumer Electronics & Appliances , 501-1k Employees , Public , 70 years old , Jaipur +54 more"
958,PolicyBazaar,3.4,"Internet , 10k-50k Employees , Public , 16 years old , Jaipur +92 more"
960,Ipca Laboratories,4.0,"Pharma , 10k-50k Employees , Public , 75 years old , Jaipur +128 more"
961,Godfrey Phillips India,4.1,"FMCG , 501-1k Employees , Public , 91 years old , Jaipur +83 more"
962,Canara Bank,3.5,"Banking , 50k-1 Lakh Employees , Public , 118 years old , Jaipur +167 more"
964,Microland,3.6,"IT Services & Consulting , 1k-5k Employees , Public , 35 years old , Jaipur +40 more"
969,Akzo Nobel India,4.2,"Chemicals , 1k-5k Employees , Public , 85 years old , Jaipur +126 more"
974,Shakti Pumps,3.9,"Industrial Machinery , 501-1k Employees , Public , 42 years old , Jaipur +34 more"
977,Marico,4.1,"FMCG , 1k-5k Employees , Public , 36 years old , Jaipur +149 more"
978,Voltas,4.1,"Consumer Electronics & Appliances , 1k-5k Employees , Public , 70 years old , Jaipur +174 more"
979,Tata Consumer Products,3.9,"FMCG , 1k-5k Employees , Public , 62 years old , Jaipur +141 more"
980,UPL,4.2,"Agro Chemicals , 5k-10k Employees , Public , 55 years old , Jaipur +158 more"
981,Somany Ceramics,4.3,"Building Material , 1k-5k Employees , Public , 56 years old , Jaipur +65 more"
982,Agrostar,4.0,"Internet , 1k-5k Employees , Startup , 11 years old , Jaipur +36 more"
984,Medlife,3.7,"Internet , 1k-5k Employees , Startup , 10 years old , Jaipur +28 more"
996,Orient Electric,4.0,"Consumer Electronics & Appliances , 501-1k Employees , Public , 70 years old , Jaipur +54 more"
1001,PolicyBazaar,3.4,"Internet , 10k-50k Employees , Public , 16 years old , Jaipur +92 more"
1008,Greenply,4.0,"Furniture & Furnishing , 1k-5k Employees , Public , 40 years old , Jaipur +73 more"
1009,Tata Group,4.3,"IT Services & Consulting , 1 Lakh+ Employees , Conglomerate , 156 years old , Jaipur +154 more"
1011,THE LEELA PALACES HOTELS & RESORTS,4.0,"Hospitality , 1k-5k Employees , Conglomerate , 41 years old , Jaipur +27 more"
1016,HCLTech,3.7,"IT Services & Consulting , 1 Lakh+ Employees , Public , 33 years old , Jaipur +184 more"
1025,Schwing Stetter,4.1,"Industrial Machinery , 1k-5k Employees , Fortune India 500 , 26 years old , Jaipur +39 more"
1030,Bharti Infratel,4.3,"Telecom , 1k-5k Employees , Public , 18 years old , Jaipur +67 more"
1035,PVR Cinemas,4.1,"Media & Entertainment , 1k-5k Employees , Public , 27 years old , Jaipur +107 more"
1048,S Chand Group,4.1,"Education & Training , 1k-5k Employees , Public , 85 years old , Jaipur +30 more"
1054,Kalindee Rail Nirman (E),4.1,"Telecom , 1k-5k Employees , Public , 40 years old , Jaipur +14 more"
1063,Sodhani Biotech,3.9,"Biotechnology , 11-50 Employees , Startup , 10 years old , Jaipur +1 more"
1074,Medtronic,4.1,"Medical Equipment , 1k-5k Employees , Forbes Global 2000 , 45 years old , Jaipur +37 more"
1076,Haier Appliances India,4.1,"Consumer Electronics & Appliances , 1k-5k Employees , Conglomerate , 20 years old , Jaipur +109 more"
1081,Jain Irrigation Systems,4.0,"Agriculture , 5k-10k Employees , Public , 61 years old , Jaipur +80 more"
1084,Emami,4.1,"Beauty & Personal Care , 1k-5k Employees , Public , 50 years old , Jaipur +146 more"
1086,Vertiv,4.0,"IT Services & Consulting , 51-200 Employees (Global) , Startup , 8 years old , Jaipur +47 more"
1087,Apollo Munich Health Insurance,3.9,"Financial Services , 1k-5k Employees , Public , 17 years old , Jaipur +104 more"
1091,Ola Electric Mobility,3.3,"Automobile , 5k-10k Employees , Indian Unicorn , 7 years old , Jaipur +174 more"
1093,Aditya Birla Housing Finance,4.0,"Financial Services , 1k-5k Employees , Public , 15 years old , Jaipur +64 more"
1094,Paytm Payments Bank,4.0,"FinTech , 1k-5k Employees , Public , 8 years old , Jaipur +110 more"
1099,DHL Express,4.1,"Logistics , 1k-5k Employees , Conglomerate , 45 years old , Jaipur +84 more"
1101,Mangalam Cement,4.2,"Building Material , 1k-5k Employees , Public , 48 years old , Jaipur +21 more"
1103,Cera Sanitaryware,4.3,"Building Material , 1k-5k Employees , Public , 44 years old , Jaipur +60 more"
1105,DeHaat,3.7,"Agriculture , 1k-5k Employees , Startup , 5 years old , Jaipur +93 more"
1106,Porter,4.2,"Internet , 1k-5k Employees , Startup , 10 years old , Jaipur +24 more"
1108,Apollo Munich Health Insurance,3.9,"Financial Services , 1k-5k Employees , Public , 17 years old , Jaipur +104 more"
1109,Aditya Birla Housing Finance,4.0,"Financial Services , 1k-5k Employees , Public , 15 years old , Jaipur +64 more"
1111,Ola Electric Mobility,3.3,"Automobile , 5k-10k Employees , Indian Unicorn , 7 years old , Jaipur +174 more"
1113,Paytm Payments Bank,4.0,"FinTech , 1k-5k Employees , Public , 8 years old , Jaipur +110 more"
1118,Vertiv,4.0,"IT Services & Consulting , 51-200 Employees (Global) , Startup , 8 years old , Jaipur +47 more"
1119,Emami,4.1,"Beauty & Personal Care , 1k-5k Employees , Public , 50 years old , Jaipur +146 more"
1123,DHL Express,4.1,"Logistics , 1k-5k Employees , Conglomerate , 45 years old , Jaipur +84 more"
1136,Meesho,3.7,"Internet , 5k-10k Employees , Indian Unicorn , 9 years old , Jaipur +99 more"
1139,United Breweries,3.9,"Beverage , 1k-5k Employees , Public , 167 years old , Jaipur +89 more"
1140,Hitachi,4.1,"Industrial Machinery , 10k-50k Employees , Forbes Global 2000 , 114 years old , Jaipur +73 more"
1141,Physicswallah,3.8,"EdTech , 10k-50k Employees , Indian Unicorn , 5 years old , Jaipur +73 more"
1149,JK Tyres,3.8,"Auto Components , 1k-5k Employees , Fortune India 500 , 73 years old , Jaipur +130 more"
1150,IBM,4.1,"IT Services & Consulting , 1 Lakh+ Employees , Public , 113 years old , Jaipur +149 more"
1157,Future Lifestyle Fashion,4.2,"Retail , 1k-5k Employees , Public , 12 years old , Jaipur +58 more"
1160,GVK Group,3.9,"Engineering & Construction , 50k-1 Lakh Employees , Public , 32 years old , Jaipur +30 more"
1174,Tijaria Polypipes,4.5,"Building Material , 51-200 Employees , Public , 18 years old , Jaipur"
1184,MAS Financial Services,3.7,"Financial Services , 1k-5k Employees , Public , 29 years old , Jaipur +99 more"
1195,Future Lifestyle Fashion,4.2,"Retail , 1k-5k Employees , Public , 12 years old , Jaipur +58 more"
1215,Reliance Smart,4.2,"Retail , 5k-10k Employees , Public , 18 years old , Jaipur +188 more"
1216,Ion Exchange India,3.9,"Waste Management , 1k-5k Employees , Public , 60 years old , Jaipur +91 more"
1221,Bacardi,3.9,"Beverage , 201-500 Employees , Conglomerate , 162 years old , Jaipur +49 more"
1222,Britannia,4.1,"FMCG , 1k-5k Employees , Public , 132 years old , Jaipur +234 more"
1225,Nilkamal,3.9,"Furniture & Furnishing , 1k-5k Employees , Public , 43 years old , Jaipur +95 more"
1228,Kirloskar Oil Engines,4.2,"Industrial Machinery , 1k-5k Employees , Public , 78 years old , Jaipur +88 more"
1230,Muthoot Group,3.6,"Financial Services , 10k-50k Employees , Public , 137 years old , Jaipur +266 more"
1231,Reliance Smart,4.2,"Retail , 5k-10k Employees , Public , 18 years old , Jaipur +188 more"
1232,FDC,4.1,"Pharma , 5k-10k Employees , Public , 84 years old , Jaipur +97 more"
1236,Coca-Cola Company,4.3,"Beverage , 5k-10k Employees , Forbes Global 2000 , 138 years old , Jaipur +163 more"
1244,Coforge,3.5,"IT Services & Consulting , 10k-50k Employees , Public , 20 years old , Jaipur +87 more"
1246,Nowfloats Technologies,3.3,"Software Product , 201-500 Employees , Startup , 12 years old , Jaipur +40 more"
1250,Go First,3.7,"Aviation , 1k-5k Employees , Public , 19 years old , Jaipur +34 more"
1253,Coca-Cola Company,4.3,"Beverage , 5k-10k Employees , Forbes Global 2000 , 138 years old , Jaipur +163 more"
1254,FDC,4.1,"Pharma , 5k-10k Employees , Public , 84 years old , Jaipur +97 more"
1257,Satin Creditcare Network,4.1,"NBFC , 5k-10k Employees , Public , 34 years old , Jaipur +234 more"
1259,LUX Industries,3.7,"Fashion & Textile , 1k-5k Employees , Public , 67 years old , Jaipur +22 more"
1261,LIC Housing Finance,4.0,"NBFC , 1k-5k Employees , Public , 35 years old , Jaipur +102 more"
1263,Aditya Birla Group,4.1,"Building Material , 1 Lakh+ Employees , Conglomerate , 167 years old , Jaipur +222 more"
1264,Relyon Softech,4.0,"Software Product , 501-1k Employees , Public , 23 years old , Jaipur +14 more"
1265,Vardhman Fabrics,4.1,"Fashion & Textile , 10k-50k Employees , Fortune India 500 , 59 years old , Jaipur +54 more"
1266,Prism Johnson,4.0,"Building Material , 1k-5k Employees , Public , 32 years old , Jaipur +105 more"
1274,Nowfloats Technologies,3.3,"Software Product , 201-500 Employees , Startup , 12 years old , Jaipur +40 more"
1281,Honda Cars,4.4,"Automobile , 5k-10k Employees , Fortune India 500 , 29 years old , Jaipur +91 more"
1284,Uniinfo Telecom Services,4.0,"Telecom , 201-500 Employees , Public , 14 years old , Jaipur +30 more"
1285,Cummins,4.4,"Industrial Machinery , 1k-5k Employees , Fortune India 500 , 105 years old , Jaipur +86 more"
1286,Udaipur Cement Works,4.1,"Building Material , 201-500 Employees , Public , 31 years old , Jaipur +10 more"
1287,Megha Engineering & Infrastructures,4.0,"Engineering & Construction , 5k-10k Employees , Conglomerate , 35 years old , Jaipur +301 more"
1288,American Tower Corporation,3.9,"Telecom , 501-1k Employees , Forbes Global 2000 , 29 years old , Jaipur +38 more"
1290,CSL Finance,4.2,"FMCG , 51-200 Employees , Public , 32 years old , Jaipur +20 more"
1296,CANTABIL RETAIL INDIA,4.3,"Fashion & Textile , 1k-5k Employees , Public , 24 years old , Jaipur +62 more"
1297,Bridgestone,4.2,"Auto Components , 1k-5k Employees , Forbes Global 2000 , 28 years old , Jaipur +49 more"
1298,Adani Group,4.0,"Power , 10k-50k Employees , Public , 36 years old , Jaipur +126 more"
1299,BOB Financial Solutions,4.3,"NBFC , 501-1k Employees , Public , 30 years old , Jaipur +80 more"
1301,American Tower Corporation,3.9,"Telecom , 501-1k Employees , Forbes Global 2000 , 29 years old , Jaipur +38 more"
1302,Udaipur Cement Works,4.1,"Building Material , 201-500 Employees , Public , 31 years old , Jaipur +10 more"
1303,Adani Group,4.0,"Power , 10k-50k Employees , Public , 36 years old , Jaipur +126 more"
1305,Bridgestone,4.2,"Auto Components , 1k-5k Employees , Forbes Global 2000 , 28 years old , Jaipur +49 more"
1307,Megha Engineering & Infrastructures,4.0,"Engineering & Construction , 5k-10k Employees , Conglomerate , 35 years old , Jaipur +301 more"
1308,Ryan International School,3.7,"Education & Training , 10k-50k Employees , Public , 32 years old , Jaipur +37 more"
1311,AB InBev India,3.5,"Beverage , 1k-5k Employees , Public , 36 years old , Jaipur +65 more"
1338,Veto Switchgears & Cables,4.2,"Electrical Equipment , 201-500 Employees , Public , 57 years old , Jaipur +4 more"
1352,Fourth Dimension Solutions,3.3,"IT Services & Consulting , 201-500 Employees , Public , 13 years old , Jaipur +16 more"
1354,IRB Infrastructure,4.2,"Engineering & Construction , 5k-10k Employees , Public , 26 years old , Jaipur +48 more"
1355,Alankit,3.3,"Financial Services , 1k-5k Employees , Public , 33 years old , Jaipur +37 more"
1372,Bajaj Consumer Care,3.9,"FMCG , 201-500 Employees , Public , 94 years old , Jaipur +75 more"
1382,PillarPlus,4.2,"Building Material , 11-50 Employees , Startup , 4 years old , Jaipur +1 more"
1395,MEDdelivery,3.0,"Internet , 51-200 Employees , Startup , 6 years old , Jaipur"
1402,MEDdelivery,3.0,"Internet , 51-200 Employees , Startup , 6 years old , Jaipur"
1416,Login2Design Technologies,4.6,"IT Services & Consulting , 11-50 Employees , Startup , 4 years old , Jaipur"
1422,Kissht Finance,4.1,"FinTech , 201-500 Employees , Startup , 9 years old , Jaipur +59 more"
1425,ManpowerGroup,3.9,"Recruitment , 50k-1 Lakh Employees , Forbes Global 2000 , 29 years old , Jaipur +120 more"
1427,ITI,3.7,"Hardware & Networking , 1k-5k Employees , Central , 76 years old , Jaipur +71 more"
1428,JM Financial,3.8,"Financial Services , 1k-5k Employees , Public , 40 years old , Jaipur +59 more"
1432,Pratibha Industries,4.7,"Engineering & Construction , 501-1k Employees , Public , 42 years old , Jaipur +20 more"
1433,Wapcos,3.6,"Engineering & Construction , 1k-5k Employees , State , 55 years old , Jaipur +116 more"
1435,TTK Prestige,4.0,"Consumer Electronics & Appliances , 1k-5k Employees , Public , 69 years old , Jaipur +71 more"
1446,Imarticus Learning,4.2,"EdTech , 501-1k Employees , Startup , 12 years old , Jaipur +19 more"
1447,Ivrcl Infrastructures & Projects,4.3,"Engineering & Construction , 1k-5k Employees , Public , 37 years old , Jaipur +51 more"
1450,Hinduja Global Solutions,4.0,"IT Services & Consulting , 10k-50k Employees , Public , 24 years old , Jaipur +104 more"
1451,Religare Housing Development Finance Corporation,4.5,"Financial Services , 51-200 Employees , Public , 31 years old , Jaipur +26 more"
1453,CIEL HR,4.1,"Recruitment , 1k-5k Employees , Startup , 9 years old , Jaipur +78 more"
1456,Ofbusiness,3.1,"Internet , 1k-5k Employees , Indian Unicorn , 9 years old , Jaipur +31 more"
1457,Kirana King,4.6,"Retail , 51-200 Employees , Startup , 10 years old , Jaipur +1 more"
1463,G R Infraprojects,4.2,"Engineering & Construction , 10k-50k Employees , Public , 29 years old , Jaipur +133 more"
1467,Future Supply Chain Solutions,4.4,"Logistics , 1k-5k Employees , Public , 18 years old , Jaipur +59 more"
1469,Heritage Foods,4.1,"Food Processing , 1k-5k Employees , Public , 32 years old , Jaipur +95 more"
1471,Aviva Life Insurance India,3.6,"Insurance , 1k-5k Employees , Forbes Global 2000 , 328 years old , Jaipur +103 more"
1472,Sahara India Pariwar,3.8,"Broadcasting , 5k-10k Employees , Conglomerate , 46 years old , Jaipur +221 more"
1473,IDBI Bank,3.7,"Banking , 10k-50k Employees , Public , 60 years old , Jaipur +267 more"
1474,Volkswagen,4.2,"Automobile , 1k-5k Employees , Forbes Global 2000 , 23 years old , Jaipur +94 more"
1475,IIC Technologies,3.9,"IT Services & Consulting , 1k-5k Employees , Public , 30 years old , Jaipur +21 more"
1476,Pratibha Industries,4.7,"Engineering & Construction , 501-1k Employees , Public , 42 years old , Jaipur +20 more"
1478,Srei Equipment Finance,4.5,"Financial Services , 1k-5k Employees , Public , 35 years old , Jaipur +75 more"
1482,Imarticus Learning,4.2,"EdTech , 501-1k Employees , Startup , 12 years old , Jaipur +19 more"
1492,Bharat IT Services,3.2,"IT Services & Consulting , 501-1k Employees , Public , 28 years old , Jaipur +43 more"
1497,Ofbusiness,3.1,"Internet , 1k-5k Employees , Indian Unicorn , 9 years old , Jaipur +31 more"
1498,Kirana King,4.6,"Retail , 51-200 Employees , Startup , 10 years old , Jaipur +1 more"
1502,CIEL HR,4.1,"Recruitment , 1k-5k Employees , Startup , 9 years old , Jaipur +78 more"
1505,OnePlus,4.1,"Consumer Electronics & Appliances , 1k-5k Employees , Public , 11 years old , Jaipur +49 more"
1506,The Indian Hume Pipe Co.,4.1,"Building Material , 1k-5k Employees , Public , 98 years old , Jaipur +44 more"
1508,Nippon Life India Asset Management,4.7,"Financial Services , 1k-5k Employees , Public , 29 years old , Jaipur +157 more"
1512,Greenlam Industries,4.2,"Building Material , 1k-5k Employees , Public , 11 years old , Jaipur +85 more"
1515,Milkbasket,3.8,"Internet , 501-1k Employees , Startup , 9 years old , Jaipur +21 more"
1516,Dr. Agarwal's Eye Hospital,4.0,"Healthcare , 1k-5k Employees , Public , 67 years old , Chennai +44 more"
1517,Info Edge,4.0,"Internet , 5k-10k Employees , Public , 29 years old , Noida +59 more"
1519,Indostar Capital Finance,4.5,"NBFC , 1k-5k Employees , Public , 13 years old , Mumbai +202 more"
1520,PC Jewellers,4.0,"Metals & Mining , 1k-5k Employees , Public , 19 years old , Jaipur +66 more"
1523,Vedantu,3.4,"EdTech , 1k-5k Employees , Indian Unicorn , 13 years old , Jaipur +53 more"
1534,NIIT,3.7,"Education & Training , 1k-5k Employees , Public , 43 years old , Jaipur +93 more"
1550,Bikaji Foods,4.1,"FMCG , 1k-5k Employees , Public , 37 years old , Jaipur +25 more"
1565,Mahindra Powerol,3.8,"Industrial Machinery , 51-200 Employees , Public , 23 years old , Jaipur +27 more"
1575,Schoolnet India,3.8,"EdTech , 51-200 Employees , Public , 27 years old , Pune +84 more"
1579,SKIT Jaipur,4.0,"Education & Training , 51-200 Employees , Startup , 8 years old , Jaipur +1 more"
1589,Ceat Tyres,4.1,"Auto Components , 5k-10k Employees , Public , 66 years old , Jaipur +116 more"
1612,Schoolnet India,3.8,"EdTech , 51-200 Employees , Public , 27 years old , Jaipur +84 more"
1617,EM3 Agri Services,3.7,"IT Services & Consulting , 51-200 Employees , Startup , 11 years old , Jaipur +12 more"
1656,Unomer,2.4,"Internet , 51-200 Employees , Startup , 9 years old , Jaipur +2 more"
1682,National Insurance Company,4.2,"Insurance , 5k-10k Employees , Central , 118 years old , Jaipur +65 more"
1687,HBL Power Systems,4.0,"Electrical Equipment , 1k-5k Employees , Public , 47 years old , Jaipur +43 more"
1688,Religare Finvest,4.4,"Financial Services , 1k-5k Employees , Public , 18 years old , Jaipur +33 more"
1695,Emcure Pharmaceuticals,3.8,"Pharma , 5k-10k Employees , Fortune India 500 , 43 years old , Jaipur +96 more"
1703,Archidply Industries,4.0,"Furniture & Furnishing , 501-1k Employees , Public , 48 years old , Jaipur +32 more"
1704,MTS,4.1,"Telecom , 1k-5k Employees , Conglomerate , 58 years old , Jaipur +38 more"
1705,Chambal Fertilisers And Chemicals,4.1,"Agro Chemicals , 1k-5k Employees , Public , 39 years old , Jaipur +44 more"
1706,Vadilal Industries,4.1,"FMCG , 501-1k Employees , Public , 117 years old , Jaipur +76 more"
1708,Khaitan Electricals,3.2,"Food Processing , 201-500 Employees , Public , 43 years old , Jaipur +31 more"
1710,VRL Logistics,4.0,"Logistics , 10k-50k Employees , Public , 41 years old , Jaipur +88 more"
1711,GVPR Engineers,4.0,"Engineering & Construction , 501-1k Employees , Public , 27 years old , Jaipur +66 more"
1713,Snapmint Credit Advisory,4.0,"Financial Services , 51-200 Employees , Startup , 9 years old , Jaipur +6 more"
1714,Capital Trust,4.0,"NBFC , 1k-5k Employees , Public , 38 years old , Jaipur +76 more"
1720,Samunnati Financial Intermediation and Services,4.5,"Financial Services , 201-500 Employees , Startup , 10 years old , Jaipur +53 more"
1725,Shalimar Paints,3.9,"Chemicals , 1k-5k Employees , Public , 122 years old , Jaipur +61 more"
1729,Kaya Skin Clinic,4.1,"Beauty & Personal Care , 501-1k Employees , Public , 21 years old , Jaipur +34 more"
1730,Action Construction Equipment,3.8,"Industrial Machinery , 1k-5k Employees , Public , 29 years old , Jaipur +43 more"
1734,Thomas Cook,3.9,"Travel & Tourism , 1k-5k Employees , Public , 143 years old , Jaipur +73 more"
1739,Telesonic Networks,3.7,"Telecom , 5k-10k Employees , Public , 15 years old , Jaipur +44 more"
1740,TCI Express,3.9,"Logistics , 1k-5k Employees , Public , 28 years old , Jaipur +69 more"
1743,Military Engineer Services,4.5,"Engineering & Construction , 51-200 Employees , Public , 101 years old , Jaipur +62 more"
1746,Asian Granito India,3.8,"Building Material , 1k-5k Employees , Public , 24 years old , Jaipur +53 more"
1754,Rebel Foods,3.8,"Internet , 5k-10k Employees , Indian Unicorn , 12 years old , Jaipur +61 more"
1759,Chambal Fertilisers And Chemicals,4.1,"Agro Chemicals , 1k-5k Employees , Public , 39 years old , Jaipur +44 more"
1762,Kirloskar Brothers,4.1,"Industrial Machinery , 1k-5k Employees , Public , 136 years old , Jaipur +57 more"
1763,Union Bank of India,4.1,"Banking , 50k-1 Lakh Employees , Public , 105 years old , Jaipur +122 more"
1769,CityMall,3.2,"Internet , 1k-5k Employees , Startup , 5 years old , Jaipur +20 more"
1787,Sanofi,4.4,"Pharma , 1k-5k Employees , Public , 20 years old , Jaipur +71 more"
1789,Federal Bank,3.9,"Banking , 10k-50k Employees , Public , 93 years old , Jaipur +117 more"
1792,Rebel Foods,3.8,"Internet , 5k-10k Employees , Indian Unicorn , 12 years old , Jaipur +61 more"
1795,KhataBook,3.6,"FinTech , 501-1k Employees , Startup , 6 years old , Jaipur +15 more"
1799,WiJungle,4.2,"Emerging Technologies , 51-200 Employees , Startup , 7 years old , Jaipur +2 more"
1804,EICHER TRUCKS AND BUSES,4.4,"Automobile , 1k-5k Employees , Public , 16 years old , Jaipur +42 more"
1805,Force Motors,3.6,"Automobile , 1k-5k Employees , Public , 66 years old , Jaipur +82 more"
1813,Cure foods,3.9,"Fitness & Wellness , 501-1k Employees , Startup , 8 years old , Jaipur +20 more"
1819,Atishay,3.8,"BPO , 51-200 Employees , Public , 35 years old , Jaipur +6 more"
1829,Air India,4.0,"Aviation , 10k-50k Employees , Central , 94 years old , Jaipur +54 more"
1835,Relaxo Footwear,4.3,"Fashion & Textile , 5k-10k Employees , Public , 40 years old , Jaipur +125 more"
1837,Jumbotail Technologies,3.7,"Retail , 201-500 Employees , Startup , 9 years old , Jaipur +27 more"
1843,Sanofi,4.4,"Pharma , 1k-5k Employees , Public , 20 years old , Paris +71 more"
1844,Procter & Gamble,4.2,"FMCG , 1k-5k Employees , Public , 187 years old , Cincinnati +203 more"
1852,ECE Industries,3.7,"Electrical Equipment , 201-500 Employees , Public , 79 years old , Delhi/NCR +24 more"
1859,Magma Housing Finance,4.3,"Financial Services , 5k-10k Employees , Public , 35 years old , Kolkata +58 more"
1871,Merino Industries,2.7,"Furniture & Furnishing , 1k-5k Employees , Public , 56 years old , Jaipur +57 more"
1872,Muthoot Pappachan Group,3.1,"Financial Services , 10k-50k Employees , Conglomerate , 137 years old , Jaipur +73 more"
1902,Core Integra Consulting Services,3.6,"Recruitment , 501-1k Employees , Conglomerate , 13 years old , Jaipur +61 more"
1944,ECE Industries,3.7,"Electrical Equipment , 201-500 Employees , Public , 79 years old , Jaipur +24 more"
1984,KapitalTech,4.1,"Financial Services , 201-500 Employees , Public , 10 years old , Jaipur +30 more"
1988,Merino Industries,2.7,"Furniture & Furnishing , 1k-5k Employees , Public , 56 years old , Jaipur +57 more"
1989,Muthoot Pappachan Group,3.1,"Financial Services , 10k-50k Employees , Conglomerate , 137 years old , Jaipur +73 more"
2058,Copado,4.9,"Internet , 51-200 Employees (Global) , Startup , 12 years old , Jaipur +5 more"
2073,FreshoKartz Agri Products,4.3,"Internet , 51-200 Employees , Startup , 8 years old , Jaipur"
2080,Indian Motor Parts & Accessories,4.1,"Auto Components , 51-200 Employees , Public , 70 years old , Jaipur +27 more"
2122,Honeywell Automation,3.8,"Consumer Electronics & Appliances , 10k-50k Employees , Public , 118 years old , Jaipur +65 more"
2163,Exclusfe Technosoft,3.0,"Retail , 11-50 Employees , Startup , 11 years old , Jaipur +11 more"
2196,Hello English,3.8,"EdTech , 1-10 Employees , Startup , 12 years old , Jaipur +2 more"
2257,FreshoKartz Agri Products,4.3,"Internet , 51-200 Employees , Startup , 8 years old , Jaipur"
2267,1ne Click Online,3.1,"Internet , 51-200 Employees , Startup , 10 years old , Jaipur +12 more"
2271,Emgee Cables Communication,4.9,"Electrical Equipment , 11-50 Employees (Global) , Public , 37 years old , Jaipur +1 more"
2320,Indian Motor Parts & Accessories,4.1,"Auto Components , 51-200 Employees , Public , 70 years old , Jaipur +27 more"
2358,ZipLoan,2.9,"Internet , 201-500 Employees , Startup , 9 years old , Jaipur +6 more"
2462,Gifts On Air,2.5,"Internet , 51-200 Employees (Global) , Startup , 7 years old , Jaipur +5 more"
2465,Pantaloons,4.2,"Fashion & Textile , 5k-10k Employees , Public , 27 years old , Thane +140 more"
2467,Tata Hitachi Construction Machinery,4.1,"Industrial Machinery , 1k-5k Employees , Fortune India 500 , 25 years old , Kharagpur +66 more"
2471,Saint-Gobain,4.0,"Building Material , 10k-50k Employees , Forbes Global 2000 , 359 years old , Thane +92 more"
2473,AccorHotels,4.3,"Hospitality , 5k-10k Employees , Forbes Global 2000 , 57 years old , New Delhi +34 more"
2476,Pearson,4.1,"Education & Training , 10k-50k Employees (Global) , Conglomerate , 180 years old , Noida +12 more"
2477,Max Healthcare,4.1,"Healthcare , 1k-5k Employees , Fortune India 500 , 23 years old , Thane +59 more"
2479,Yamaha Motor,4.2,"Automobile , 1k-5k Employees , Fortune India 500 , 69 years old , Chennai +121 more"
2481,Reliance Infrastructure,4.1,"Engineering & Construction , 1k-5k Employees , Public , 95 years old , Jaipur +55 more"
2485,Philip Morris International,3.7,"FMCG , 51-200 Employees , Forbes Global 2000 , 37 years old , Jaipur +26 more"
2487,Tata Chemicals,4.2,"Chemicals , 1k-5k Employees , Public , 85 years old , Jaipur +76 more"
2488,Airports Authority of India,4.4,"Aviation , 10k-50k Employees , Central , 29 years old , Jaipur +80 more"
2489,Thyrocare Technologies,3.6,"Healthcare , 1k-5k Employees , Public , 28 years old , Jaipur +62 more"
2492,Biocon Limited,3.9,"Biotechnology , 5k-10k Employees , Public , 46 years old , Jaipur +48 more"
2493,Adani Power,3.9,"Power , 1k-5k Employees , Public , 18 years old , Jaipur +84 more"
2495,Citigroup,3.7,"Banking , 10k-50k Employees , Forbes Global 2000 , 212 years old , Jaipur +34 more"
2496,Volvo,4.1,"Automobile , 1k-5k Employees , Forbes Global 2000 , 97 years old , Jaipur +36 more"
2497,Indian Navy,4.6,"Defence & Aerospace , 50k-1 Lakh Employees , Central , 74 years old , Jaipur +56 more"
2499,Pearson,4.1,"Education & Training , 10k-50k Employees (Global) , Conglomerate , 180 years old , Jaipur +12 more"
2504,GSPL,4.0,"Oil & Gas , 1k-5k Employees , Public , 45 years old , Jaipur +24 more"
2506,Securitas,4.0,"Law Enforcement & Security , 10k-50k Employees , Forbes Global 2000 , 90 years old , Jaipur +34 more"
2507,Symphony,4.1,"Consumer Electronics & Appliances , 201-500 Employees , Public , 36 years old , Jaipur +57 more"
2509,Stelmec,3.5,"Electronics Manufacturing , 501-1k Employees , Public , 40 years old , Jaipur +24 more"
2510,goStops,3.5,"Internet , 51-200 Employees , Startup , 10 years old , Jaipur +10 more"
2513,Rallis India,4.3,"Agro Chemicals , 1k-5k Employees , Public , 76 years old , Jaipur +89 more"
2521,United India Insurance Company,4.3,"Insurance , 10k-50k Employees , Public , 86 years old , Jaipur +66 more"
2522,AccorHotels,4.3,"Hospitality , 5k-10k Employees , Forbes Global 2000 , 57 years old , Jaipur +34 more"
2523,Pantaloons,4.2,"Fashion & Textile , 5k-10k Employees , Public , 27 years old , Jaipur +140 more"
2524,Kalpataru Power Transmission,4.2,"Engineering & Construction , 1k-5k Employees , Public , 43 years old , Jaipur +208 more"
2526,Carborundum Universal,4.0,"Metals & Mining , 1k-5k Employees , Public , 70 years old , Jaipur +32 more"
2532,NIKE,4.4,"Fashion & Textile , 1k-5k Employees , Public , 60 years old , Jaipur +36 more"
2537,USV,4.1,"Pharma , 1k-5k Employees , Fortune India 500 , 63 years old , Jaipur +90 more"
2538,Sany Heavy Industry,4.0,"Industrial Machinery , 1k-5k Employees , Forbes Global 2000 , 35 years old , Jaipur +44 more"
2544,Umang Dairies,3.7,"FMCG , 201-500 Employees , Public , 30 years old , Gajraula +14 more"
2546,Eris Lifesciences,3.8,"Pharma , 1k-5k Employees , Public , 17 years old , Ahmedabad +75 more"
2549,Madhu Jayanti International,3.9,"FMCG , 201-500 Employees , Public , 82 years old , Kolkata +36 more"
2552,Ge T & D India,4.3,"Electrical Equipment , 201-500 Employees , Public , 67 years old , Noida +36 more"
2554,GAMMON INDIA,3.8,"Engineering & Construction , 11-50 Employees , Public , 102 years old , Mumbai +66 more"
2556,You Broadband,3.7,"Telecom , 1k-5k Employees , Public , 23 years old , Surat +28 more"
2558,SMEcorner,3.8,"Financial Services , 501-1k Employees , Startup , 10 years old , Mumbai +15 more"
2559,Apar Industries,4.1,"Electrical Equipment , 1k-5k Employees , Public , 66 years old , Mumbai +51 more"
2562,Swastika Investmart,4.4,"Investment Banking / Venture Capital / Private Equity , 501-1k Employees , Public , 32 years old , Jaipur +41 more"
2564,PNC Infratech,4.0,"Engineering & Construction , 5k-10k Employees , Public , 25 years old , Jaipur +74 more"
2574,MagicPin,3.2,"Internet , 201-500 Employees , Startup , 9 years old , Jaipur +16 more"
2576,Eduncle,3.1,"EdTech , 51-200 Employees , Startup , 8 years old , Jaipur +3 more"
2580,Jabil Circuit India,4.0,"Electronics Manufacturing , 1k-5k Employees , Public , 58 years old , Jaipur +12 more"
2584,VA Tech Wabag,4.0,"Waste Management , 501-1k Employees , Public , 100 years old , Jaipur +41 more"
2585,National Small Industries Corporation,3.9,"Government , 1k-5k Employees , Central , 69 years old , Jaipur +28 more"
2586,Edureka,3.4,"EdTech , 501-1k Employees , Startup , 13 years old , Jaipur +15 more"
2589,Can Fin Homes,3.4,"NBFC , 501-1k Employees , Public , 37 years old , Jaipur +54 more"
2590,Morepen Laboratories,4.1,"Pharma , 1k-5k Employees , Public , 40 years old , Jaipur +36 more"
2591,Unicharm,4.2,"Beauty & Personal Care , 1k-5k Employees , Forbes Global 2000 , 63 years old , Jaipur +139 more"
2594,Varrsana Ispat,3.6,"Engineering & Construction , 501-1k Employees , Public , 24 years old , Jaipur +8 more"
2597,Shriram Pistons & Rings,4.1,"Auto Components , 1k-5k Employees , Public , 61 years old , Jaipur +52 more"
2608,Qriyo,3.3,"Internet , 11-50 Employees (Global) , Startup , 9 years old , Jaipur"
2657,RevFin,4.2,"Financial Services , 11-50 Employees , Startup , 6 years old , Jaipur +3 more"
2727,NACTUS (India) Services Pvt. Ltd.,4.5,"EdTech , 11-50 Employees , Startup , 9 years old , Jaipur +1 more"
2790,OneCode,4.1,"FinTech , 51-200 Employees , Startup , 6 years old , Jaipur +3 more"
2825,NACTUS (India) Services Pvt. Ltd.,4.5,"EdTech , 11-50 Employees , Startup , 9 years old , Jaipur +1 more"
2848,Battery Smart,3.5,"Internet , 51-200 Employees , Startup , 4 years old , Jaipur +13 more"
2850,Body Cupid,3.9,"Internet , 51-200 Employees , Startup , 8 years old , Jaipur +8 more"
2852,2050 Healthcare,3.8,"Healthcare , 1k-5k Employees , Startup , 5 years old , Jaipur +17 more"
2882,OneCode,4.1,"FinTech , 51-200 Employees , Startup , 6 years old , Jaipur +3 more"
2908,RevFin,4.2,"Financial Services , 11-50 Employees , Startup , 6 years old , Jaipur +3 more"
2999,AVJ HR Solutions,4.9,"Management Consulting , 1-10 Employees , Startup , 3 years old , Jaipur"
3049,Mfine,3.5,"Internet , 501-1k Employees , Startup , 7 years old , Jaipur +12 more"
3050,Samvardhana Motherson Group,3.8,"Auto Components , 1k-5k Employees , Public , 38 years old , Jaipur +81 more"
3054,Aurobindo Pharma,4.0,"Pharma , 10k-50k Employees , Public , 38 years old , Jaipur +93 more"
3082,Kellogg,4.3,"FMCG , 1k-5k Employees , Forbes Global 2000 , 118 years old , Jaipur +73 more"
3084,Liberty Shoes,3.8,"Fashion & Textile , 51-200 Employees , Public , 70 years old , Jaipur +36 more"
3085,Aplab,4.2,"Consumer Electronics & Appliances , 501-1k Employees , Public , 62 years old , Jaipur +17 more"
3090,Kendriya Vidyalaya Sangathan,4.4,"Education & Training , 10k-50k Employees , Public , 61 years old , Jaipur +202 more"
3093,Roots Multiclean,4.0,"Industrial Machinery , 1k-5k Employees , Public , 32 years old , Jaipur +21 more"
3094,Zoomcar,3.7,"Internet , 1k-5k Employees , Startup , 12 years old , Jaipur +29 more"
3097,HomeLane,3.5,"Architecture & Interior Design , 1k-5k Employees , Startup , 10 years old , Jaipur +34 more"
3098,Legrand,3.7,"Electrical Equipment , 1k-5k Employees , Forbes Global 2000 , 164 years old , Jaipur +45 more"
3101,Zee News,3.8,"Broadcasting , 10k-50k Employees , Public , 25 years old , Jaipur +11 more"
3106,Karnataka Bank,3.8,"Banking , 5k-10k Employees , Public , 100 years old , Jaipur +47 more"
3107,Snowman Logistics,4.1,"Logistics , 201-500 Employees , Public , 28 years old , Jaipur +24 more"
3112,KMC Constructions,3.6,"Engineering & Construction , 201-500 Employees , Public , 27 years old , Jaipur +24 more"
3113,Paul Merchants,4.3,"NBFC , 1k-5k Employees , Public , 40 years old , Jaipur +70 more"
3116,Ziploan.in,3.6,"Financial Services , 51-200 Employees , Public , 9 years old , Jaipur +5 more"
3125,Silver Touch Technologies,3.6,"IT Services & Consulting , 1k-5k Employees , Public , 32 years old , Jaipur +26 more"
3128,Zee Media Corporation,3.6,"Media & Entertainment , 1k-5k Employees , Public , 25 years old , Noida +16 more"
3133,Essel Group,4.1,"Media & Entertainment , 10k-50k Employees , Conglomerate , 98 years old , Mumbai +36 more"
3136,Vritti Solutions,3.9,"IT Services & Consulting , 201-500 Employees , Public , 19 years old , Pune +12 more"
3140,Indag Rubber,4.2,"Auto Components , 201-500 Employees , Public , 46 years old , Jaipur +14 more"
3145,Ang India,4.0,"Consumer Electronics & Appliances , 201-500 Employees , Public , 46 years old , Jaipur +36 more"
3148,IFCI Financial Services,3.7,"FMCG , 1k-5k Employees , Central , 76 years old , Jaipur +9 more"
3150,Idex,3.7,"Non-Profit , 201-500 Employees , Forbes Global 2000 , 37 years old , Jaipur +7 more"
3154,Srg Housing Finance,4.0,"NBFC , 201-500 Employees , Public , 25 years old , Jaipur +33 more"
3156,NoBroker,3.2,"Internet , 1k-5k Employees , Indian Unicorn , 10 years old , Jaipur +36 more"
3157,Parag Milk Foods,4.3,"FMCG , 1k-5k Employees , Public , 32 years old , Jaipur +68 more"
3160,Cogent E Services,3.3,"BPO , 10k-50k Employees , Conglomerate , 20 years old , Jaipur +35 more"
3169,Dedicated Freight Corridor Corporation Of India,4.1,"Government , 501-1k Employees , Public , 18 years old , New Delhi +28 more"
3170,Tractor Junction,4.3,"Agriculture , 201-500 Employees , Startup , 6 years old , Alwar +8 more"
3178,Automobile Products Of India,4.3,"Auto Components , 1k-5k Employees , Public , 75 years old , New Delhi +23 more"
3180,Kellogg,4.3,"FMCG , 1k-5k Employees , Forbes Global 2000 , 118 years old , Jaipur +73 more"
3182,Liberty Shoes,3.8,"Fashion & Textile , 51-200 Employees , Public , 70 years old , Jaipur +36 more"
3184,Transport Corporation Of India,4.1,"Logistics , 1k-5k Employees , Public , 66 years old , Jaipur +67 more"
3193,UFO Moviez,3.7,"Media & Entertainment , 201-500 Employees , Public , 19 years old , Jaipur +28 more"
3195,Hi Tech Gears,3.8,"Auto Components , 501-1k Employees , Public , 38 years old , Jaipur +25 more"
3199,PSL,4.0,"Industrial Machinery , 501-1k Employees , Public , 37 years old , Jaipur +9 more"
3212,Adobe,4.2,"Software Product , 5k-10k Employees , Public , 27 years old , Jaipur +14 more"
3213,3M,4.3,"Electronics Manufacturing , 1k-5k Employees , Public , 37 years old , Jaipur +42 more"
3215,Torrent Pharmaceuticals,4.0,"Pharma , 10k-50k Employees , Public , 53 years old , Jaipur +97 more"
3216,Wockhardt,3.9,"Pharma , 5k-10k Employees , Public , 25 years old , Jaipur +76 more"
3217,NEC,4.6,"IT Services & Consulting , 5k-10k Employees , Forbes Global 2000 , 125 years old , Jaipur +39 more"
3220,Allied Digital Services,3.5,"IT Services & Consulting , 1k-5k Employees , Public , 29 years old , Jaipur +47 more"
3224,Educomp Solutions,3.7,"EdTech , 11-50 Employees , Public , 30 years old , Jaipur +107 more"
3225,ABC,4.0,"Broadcasting , 1k-5k Employees (Global) , Public , 81 years old , Jaipur +103 more"
3226,Lacoste,4.2,"Fashion & Textile , 5k-10k Employees (Global) , Public , 91 years old , Jaipur +14 more"
3231,JSW Group,4.1,"Iron & Steel , 10k-50k Employees , Conglomerate , 42 years old , Jaipur +72 more"
3234,Canon,4.2,"Consumer Electronics & Appliances , 1k-5k Employees , Forbes Global 2000 , 87 years old , Jaipur +61 more"
3237,Gap,3.7,"Fashion & Textile , 1k-5k Employees , Forbes Global 2000 , 28 years old , Jaipur +19 more"
3238,CMC,4.2,"Education & Training , 10k-50k Employees , Public , 56 years old , Jaipur +52 more"
3240,Pradhan Mantri Kaushal Vikas Yojana,4.0,"Education & Training , 1-10 Employees , Public , 9 years old , Jaipur +79 more"
3243,The Byke Hotels & Resorts,3.5,"Hospitality , 501-1k Employees , Public , 18 years old , Jaipur +3 more"
3246,Nykaa,3.5,"Internet , 1k-5k Employees , Public , 12 years old , Jaipur +81 more"
3248,Join Ventures,3.7,"Internet , 11-50 Employees , Startup , 4 years old , Jaipur +3 more"
3249,Varaha Infra,4.3,"Engineering & Construction , 1k-5k Employees , Public , 44 years old , Jodhpur +11 more"
3255,HungerBox,3.8,"Internet , 501-1k Employees , Startup , 8 years old , Bangalore +14 more"
3258,Page Industries,4.2,"Fashion & Textile , 10k-50k Employees , Public , 30 years old , Bangalore/Bengaluru +75 more"
3262,Hindustan Wellness,3.9,"Healthcare , 501-1k Employees , Startup , 10 years old , Jaipur +14 more"
3274,Lirik Infotech,4.4,"IT Services & Consulting , 51-200 Employees , Public , 9 years old , Jaipur +2 more"
3276,Modern Insulators,4.1,"Electrical Equipment , 501-1k Employees , Public , 39 years old , Jaipur +8 more"
3286,Crisil,3.7,"Financial Services , 1k-5k Employees , Public , 37 years old , Jaipur +53 more"
3290,Sundaram Home Finance,4.2,"NBFC , 1k-5k Employees , Public , 25 years old , Jaipur +49 more"
3292,BOB Capital Markets,3.4,"Financial Services , 51-200 Employees , Central , 28 years old , Jaipur +17 more"
3295,Cresire Consulting,5.0,"Architecture & Interior Design , 1-10 Employees , Startup , 9 years old , Jaipur +1 more"
3296,Universal Cables,4.0,"Building Material , 1k-5k Employees , Public , 62 years old , Jaipur +11 more"
3298,Blowhorn,4.6,"Logistics , 501-1k Employees , Startup , 10 years old , Jaipur +16 more"
3302,Shilpa Medicare,3.6,"Pharma , 1k-5k Employees , Public , 37 years old , Jaipur +28 more"
3306,ShareChat,3.6,"Internet , 1k-5k Employees , Indian Unicorn , 9 years old , Jaipur +37 more"
3309,Signify,3.6,"Consumer Electronics & Appliances , 1k-5k Employees , Conglomerate , 8 years old , Jaipur +62 more"
3317,Sadbhav Engineering,4.4,"Engineering & Construction , 1k-5k Employees , Public , 36 years old , Jaipur +63 more"
3323,Pocket FM,3.5,"Media & Entertainment , 201-500 Employees , Startup , 6 years old , Jaipur +13 more"
3328,Siyaram Silk Mills,3.8,"Fashion & Textile , 1k-5k Employees , Public , 46 years old , Jaipur +34 more"
3332,Sulphur Mills,4.0,"Agro Chemicals , 201-500 Employees , Public , 64 years old , Jaipur +22 more"
3336,DotPe,3.0,"IT Services & Consulting , 201-500 Employees , Startup , 5 years old , Jaipur +17 more"
3338,Godrej Consumer Products,4.2,"FMCG , 1k-5k Employees , Public , 23 years old , Jaipur +109 more"
3368,JSW Group,4.1,"Iron & Steel , 10k-50k Employees , Conglomerate , 42 years old , Jaipur +72 more"
3379,Gap,3.7,"Fashion & Textile , 1k-5k Employees , Forbes Global 2000 , 28 years old , Jaipur +19 more"
3380,UFO Moviez,3.7,"Media & Entertainment , 201-500 Employees , Public , 19 years old , Jaipur +28 more"
3381,CMC,4.2,"Education & Training , 10k-50k Employees , Public , 56 years old , Jaipur +52 more"
3382,LT Foods,4.1,"Food Processing , 1k-5k Employees , Public , 34 years old , Jaipur +44 more"
3384,PSL,4.0,"Industrial Machinery , 501-1k Employees , Public , 37 years old , Jaipur +9 more"
3391,Adobe,4.2,"Software Product , 5k-10k Employees , Public , 27 years old , Jaipur +14 more"
3392,3M,4.3,"Electronics Manufacturing , 1k-5k Employees , Public , 37 years old , Jaipur +42 more"
3396,Allied Digital Services,3.5,"IT Services & Consulting , 1k-5k Employees , Public , 29 years old , Jaipur +47 more"
3397,Wockhardt,3.9,"Pharma , 5k-10k Employees , Public , 25 years old , Jaipur +76 more"
3398,Lacoste,4.2,"Fashion & Textile , 5k-10k Employees (Global) , Public , 91 years old , Jaipur +14 more"
3402,Hi Tech Gears,3.8,"Auto Components , 501-1k Employees , Public , 38 years old , Jaipur +25 more"
3405,Torrent Pharmaceuticals,4.0,"Pharma , 10k-50k Employees , Public , 53 years old , Jaipur +97 more"
3409,NEC,4.6,"IT Services & Consulting , 5k-10k Employees , Forbes Global 2000 , 125 years old , Jaipur +39 more"
3412,Sadbhav Engineering,4.4,"Engineering & Construction , 1k-5k Employees , Public , 36 years old , Jaipur +63 more"
3415,Canon,4.2,"Consumer Electronics & Appliances , 1k-5k Employees , Forbes Global 2000 , 87 years old , Jaipur +61 more"
3417,ABC,4.0,"Broadcasting , 1k-5k Employees (Global) , Public , 81 years old , Jaipur +103 more"
3418,Atul Auto,3.9,"Automobile , 501-1k Employees , Public , 38 years old , Jaipur +29 more"
3423,Hewlett Packard Enterprise,4.3,"IT Services & Consulting , 10k-50k Employees , Forbes Global 2000 , 9 years old , Jaipur +85 more"
3424,Vogo Automotive,4.0,"Internet , 51-200 Employees , Startup , 8 years old , Jaipur +11 more"
3425,VuNet Systems,3.2,"Software Product , 51-200 Employees , Startup , 7 years old , Jaipur +5 more"
3428,Karnataka Bank,3.8,"Banking , 5k-10k Employees , Public , 100 years old , Jaipur +47 more"
3429,Silver Touch Technologies,3.6,"IT Services & Consulting , 1k-5k Employees , Public , 32 years old , Jaipur +26 more"
3431,Haqdarshak Empowerment Solutions,3.9,"Non-Profit , 11-50 Employees , Startup , 8 years old , Pune +17 more"
3432,Corteva Agriscience,4.3,"Agro Chemicals , 1k-5k Employees , Public , 5 years old , Hyderabad / Secunderabad +80 more"
3434,Stryker,4.1,"Medical Equipment , 1k-5k Employees , Public , 83 years old , Noida +16 more"
3450,VST Industries,4.1,"FMCG , 501-1k Employees , Public , 94 years old , Jaipur +68 more"
3455,Corteva Agriscience,4.3,"Agro Chemicals , 1k-5k Employees , Public , 5 years old , Jaipur +80 more"
3459,SML Isuzu,4.2,"Automobile , 501-1k Employees , Public , 39 years old , Jaipur +46 more"
3461,Hewlett Packard Enterprise,4.3,"IT Services & Consulting , 10k-50k Employees , Forbes Global 2000 , 9 years old , Jaipur +85 more"
3462,South Indian Bank,3.6,"Banking , 1k-5k Employees , Public , 95 years old , Jaipur +67 more"
3464,Vogo Automotive,4.0,"Internet , 51-200 Employees , Startup , 8 years old , Jaipur +11 more"
3466,Zydus Wellness,3.9,"FMCG , 501-1k Employees , Public , 36 years old , Jaipur +98 more"
3467,Chembond Chemicals,3.8,"Agro Chemicals , 51-200 Employees , Public , 51 years old , Jaipur +20 more"
3469,Haqdarshak Empowerment Solutions,3.9,"Non-Profit , 11-50 Employees , Startup , 8 years old , Jaipur +17 more"
3472,Tci Freight,4.3,"Logistics , 201-500 Employees , Public , 66 years old , Jaipur +26 more"
3473,International Combustion (I),4.2,"Industrial Machinery , 201-500 Employees , Public , 88 years old , Jaipur +9 more"
3482,Bluestone.com,3.8,"Jewellery , 501-1k Employees , Startup , 13 years old , Jaipur +39 more"
3484,Sheela Foam,4.2,"Furniture & Furnishing , 1k-5k Employees , Public , 53 years old , Jaipur +77 more"
3489,Globus Spirits,3.6,"Beverage , 1k-5k Employees , Public , 32 years old , Jaipur +16 more"
3491,PTC,4.2,"Software Product , 1k-5k Employees , Public , 39 years old , Jaipur +37 more"
3495,VuNet Systems,3.2,"Software Product , 51-200 Employees , Startup , 7 years old , Jaipur +5 more"
3496,Stryker,4.1,"Medical Equipment , 1k-5k Employees , Public , 83 years old , Jaipur +16 more"
3500,Portea Medical,4.4,"Healthcare , 1k-5k Employees , Startup , 11 years old , Jaipur +32 more"
3517,DotPe,3.0,"IT Services & Consulting , 201-500 Employees , Startup , 5 years old , Jaipur +17 more"
3518,Godrej Consumer Products,4.2,"FMCG , 1k-5k Employees , Public , 23 years old , Jaipur +109 more"
3525,Parag Milk Foods,4.3,"FMCG , 1k-5k Employees , Public , 32 years old , Jaipur +68 more"
3527,Ang India,4.0,"Consumer Electronics & Appliances , 201-500 Employees , Public , 46 years old , Jaipur +36 more"
3528,TVS Eurogrip,3.8,"Auto Components , 1k-5k Employees , Public , 42 years old , Madurai +54 more"
3534,Ircon International,4.0,"Engineering & Construction , 1k-5k Employees , Fortune India 500 , 48 years old , Delhi/NCR +43 more"
3536,NoBroker,3.2,"Internet , 1k-5k Employees , Indian Unicorn , 10 years old , Bangalore +36 more"
3539,Dedicated Freight Corridor Corporation Of India,4.1,"Government , 501-1k Employees , Public , 18 years old , New Delhi +28 more"
3540,Schlumberger,4.1,"Oil & Gas , 5k-10k Employees , Forbes Global 2000 , 98 years old , Jaipur +27 more"
3541,Times Internet,3.6,"Internet , 10k-50k Employees , Public , 25 years old , Jaipur +23 more"
3543,Sumitomo Chemical,4.0,"Chemicals , 1k-5k Employees , Fortune India 500 , 99 years old , Jaipur +55 more"
3544,Cisco,4.3,"Hardware & Networking , 10k-50k Employees , Public , 40 years old , Jaipur +35 more"
3546,Power Grid Corporation of India,4.4,"Power , 5k-10k Employees , Fortune India 500 , 35 years old , Jaipur +181 more"
3547,Finolex Cables,3.9,"Electrical Equipment , 1k-5k Employees , Public , 68 years old , Jaipur +61 more"
3552,Jet Airways,4.6,"Aviation , 201-500 Employees , Public , 31 years old , Jaipur +42 more"
3553,Teachmint,3.4,"EdTech , 501-1k Employees , Startup , 4 years old , Jaipur +22 more"
3555,Inox Wind,3.7,"Power , 501-1k Employees , Public , 15 years old , Jaipur +36 more"
3564,Zee Media Corporation,3.6,"Media & Entertainment , 1k-5k Employees , Public , 25 years old , Noida +16 more"
3565,HomeLane,3.5,"Architecture & Interior Design , 1k-5k Employees , Startup , 10 years old , Bangalore +34 more"
3566,Indag Rubber,4.2,"Auto Components , 201-500 Employees , Public , 46 years old , Delhi/NCR +14 more"
3569,Paul Merchants,4.3,"NBFC , 1k-5k Employees , Public , 40 years old , Chandigarh +70 more"
3577,Ziploan.in,3.6,"Financial Services , 51-200 Employees , Public , 9 years old , New Delhi +5 more"
3581,Zee News,3.8,"Broadcasting , 10k-50k Employees , Public , 25 years old , Jaipur +11 more"
3582,Essel Group,4.1,"Media & Entertainment , 10k-50k Employees , Conglomerate , 98 years old , Jaipur +36 more"
3585,Vritti Solutions,3.9,"IT Services & Consulting , 201-500 Employees , Public , 19 years old , Jaipur +12 more"
3590,KMC Constructions,3.6,"Engineering & Construction , 201-500 Employees , Public , 27 years old , Jaipur +24 more"
3592,Legrand,3.7,"Electrical Equipment , 1k-5k Employees , Forbes Global 2000 , 164 years old , Jaipur +45 more"
3604,Gramophone,4.1,"Agriculture , 201-500 Employees , Startup , 8 years old , Jaipur +15 more"
3614,Wakefit,4.2,"Furniture & Furnishing , 1k-5k Employees , Startup , 8 years old , Jaipur +31 more"
3617,Sundaram Home Finance,4.2,"NBFC , 1k-5k Employees , Public , 25 years old , Jaipur +49 more"
3627,Animall,3.8,"Internet , 51-200 Employees , Startup , 5 years old , Jaipur +11 more"
3628,ABB Group,4.1,"Electrical Equipment , 1k-5k Employees , Public , 36 years old , Jaipur +97 more"
3634,Nykaa,3.5,"Internet , 1k-5k Employees , Public , 12 years old , Jaipur +81 more"
3636,Campus Activewear,4.2,"Fashion & Textile , 1k-5k Employees , Public , 18 years old , Jaipur +24 more"
3637,Varaha Infra,4.3,"Engineering & Construction , 1k-5k Employees , Public , 44 years old , Jaipur +11 more"
3638,Fiserv,3.6,"FinTech , 5k-10k Employees , Forbes Global 2000 , 40 years old , Jaipur +29 more"
3639,Pradhan Mantri Kaushal Vikas Yojana,4.0,"Education & Training , 1-10 Employees , Public , 9 years old , Jaipur +79 more"
3640,Cresire Consulting,5.0,"Architecture & Interior Design , 1-10 Employees , Startup , 9 years old , Jaipur +1 more"
3642,Universal Cables,4.0,"Building Material , 1k-5k Employees , Public , 62 years old , Jaipur +11 more"
3651,BOB Capital Markets,3.4,"Financial Services , 51-200 Employees , Central , 28 years old , Jaipur +17 more"
3662,TTSL,4.1,"Telecom , 1k-5k Employees , Public , 28 years old , Pune +19 more"
3668,Open Financial Technologies Private Limited,3.5,"FinTech , 201-500 Employees , Indian Unicorn , 7 years old , Bangalore / Bengaluru +9 more"
3687,Capacit'e Infraprojects,3.6,"Engineering & Construction , 1k-5k Employees , Public , 12 years old , Jaipur +31 more"
3694,Gramophone,4.1,"Agriculture , 201-500 Employees , Startup , 8 years old , Jaipur +15 more"
3698,Wakefit,4.2,"Furniture & Furnishing , 1k-5k Employees , Startup , 8 years old , Jaipur +31 more"
3700,Spencer's Retail,3.9,"Retail , 1k-5k Employees , Public , 161 years old , Jaipur +57 more"
3707,Shilpa Medicare,3.6,"Pharma , 1k-5k Employees , Public , 37 years old , Jaipur +28 more"
3713,Crisil,3.7,"Financial Services , 1k-5k Employees , Public , 37 years old , Jaipur +53 more"
3714,Cremica Food Industries,4.1,"Food Processing , 501-1k Employees , Public , 46 years old , Jaipur +34 more"
3718,Manba Finance,3.9,"NBFC , 501-1k Employees , Public , 28 years old , Jaipur +24 more"
3721,ShareChat,3.6,"Internet , 1k-5k Employees , Indian Unicorn , 9 years old , Jaipur +37 more"
3728,Repos Energy,3.6,"Power , 51-200 Employees , Startup , 7 years old , Jaipur +8 more"
3730,Revv,3.7,"Internet , 201-500 Employees , Startup , 9 years old , Jaipur +19 more"
3731,Singer India,4.3,"Consumer Electronics & Appliances , 201-500 Employees , Public , 47 years old , Jaipur +29 more"
3732,Hyatt Regency,4.2,"Hospitality , 1k-5k Employees , Forbes Global 2000 , 44 years old , Jaipur +43 more"
3761,LTIMindtree,3.6,"IT Services & Consulting , 50k-1 Lakh Employees , Public , 27 years old , Bangalore / Bengaluru +52 more"
3774,Shree Krishna Paper Mills & Industries,3.2,"Pulp & Paper , 501-1k Employees , Public , 49 years old , Delhi/NCR +5 more"
3801,FabHotels,3.1,"Hospitality , 501-1k Employees , Startup , 10 years old , Bangalore / Bengaluru +28 more"
3811,MPS Limited,4.0,"Content Development , 1k-5k Employees , Public , 54 years old , Bangalore / Bengaluru +21 more"
3815,Punjab & Sind Bank,3.4,"Banking , 5k-10k Employees , Fortune India 500 , 116 years old , New Delhi +42 more"
3818,Bada Business,3.7,"Internet , 5k-10k Employees , Startup , 5 years old , Bangalore / Bengaluru +49 more"
3823,Bada Business,3.7,"Internet , 5k-10k Employees , Startup , 5 years old , Jaipur +49 more"
3832,Club Oxygen,4.2,"Hospitality , 201-500 Employees , Public , 6 years old , Jaipur +27 more"
3834,Suzlon Group,4.2,"Power , 5k-10k Employees , Public , 29 years old , Jaipur +107 more"
3836,MPS Limited,4.0,"Content Development , 1k-5k Employees , Public , 54 years old , Jaipur +21 more"
3837,Planet Spark,3.7,"EdTech , 51-200 Employees , Startup , 7 years old , Jaipur +41 more"
3841,TVS Mobility,4.2,"Automobile , 5k-10k Employees , Public , 113 years old , Jaipur +58 more"
3860,Alstom Transportation,3.9,"Urban Transport , 5k-10k Employees , Forbes Global 2000 , 96 years old , Jaipur +66 more"
3865,Euler Motors,3.5,"Automobile , 51-200 Employees , Startup , 9 years old , Jaipur +14 more"
3868,Brady Corporation,4.2,"Printing & Publishing , 5k-10k Employees (Global) , Public , 110 years old , Jaipur +7 more"
3869,OTO Capital,3.0,"Internet , 501-1k Employees , Startup , 6 years old , Jaipur +10 more"
3872,Insecticides India,4.5,"Agro Chemicals , 1k-5k Employees , Public , 22 years old , Jaipur +29 more"
3877,Startek,3.3,"BPO , 10k-50k Employees , Public , 7 years old , Jaipur +72 more"
3881,Synergy Steels,3.2,"Metals & Mining , 501-1k Employees , Public , 24 years old , Jaipur +5 more"
3888,Venus Remedies,4.4,"Pharma , 1k-5k Employees , Public , 35 years old , Jaipur +33 more"
3894,Birlasoft,3.8,"IT Services & Consulting , 10k-50k Employees , Public , 29 years old , Jaipur +35 more"
3895,Arvind Group,4.1,"Fashion & Textile , 10k-50k Employees , Public , 93 years old , Jaipur +80 more"
3897,Ebix Software India,3.3,"IT Services & Consulting , 1k-5k Employees , Public , 48 years old , Jaipur +30 more"
3902,Capgemini,3.8,"IT Services & Consulting , 1 Lakh+ Employees , Public , 57 years old , Jaipur +142 more"
3909,Jindal Saw,4.1,"Building Material , 5k-10k Employees , Public , 40 years old , Jaipur +64 more"
3935,HDIL,4.2,"Real Estate , 1k-5k Employees , Public , 28 years old , Jaipur +4 more"
3940,Kitex Garments,3.8,"Fashion & Textile , 1k-5k Employees , Public , 32 years old , Jaipur +8 more"
3944,Tulip Telecom,3.1,"Telecom , 1k-5k Employees , Public , 32 years old , Jaipur +18 more"
3946,UAE Exchange,4.2,"FinTech , 1-10 Employees , Public , 29 years old , Jaipur +35 more"
3950,TIL,3.4,"Industrial Machinery , 1k-5k Employees , Public , 80 years old , Jaipur +17 more"
3958,Accrete Globus Technology,3.9,"IT Services & Consulting , 51-200 Employees (Global) , Startup , 11 years old , Jaipur +2 more"
3960,Oxfam,4.9,"Non-Profit , 51-200 Employees , Public , 20 years old , Jaipur +14 more"
3966,Petoo,2.8,"Financial Services , 11-50 Employees (Global) , Startup , 9 years old , Jaipur +3 more"
3985,Kangaroo Kids Education,4.4,"Education & Training , 51-200 Employees , Public , 31 years old , Jaipur +13 more"
4027,KIFS Securities,4.9,"Financial Services , 501-1k Employees (Global) , Public , 37 years old , Jaipur +1 more"
4034,Bank of America Securities,4.4,"Investment Banking / Venture Capital / Private Equity , 51-200 Employees , Public , 15 years old , Jaipur +7 more"
4044,Navriti Technologies,2.9,"Education & Training , 51-200 Employees , Startup , 12 years old , Jaipur +8 more"
4047,Tulip Telecom,3.1,"Telecom , 1k-5k Employees , Public , 32 years old , Jaipur +18 more"
4051,Kitex Garments,3.8,"Fashion & Textile , 1k-5k Employees , Public , 32 years old , Jaipur +8 more"
4073,Ravi,4.3,"Food Processing , 201-500 Employees (Global) , Public , 58 years old , Jaipur +12 more"
4106,Indian Airlines,3.0,"Aviation , 10k-50k Employees (Global) , Public , 94 years old , Jaipur +14 more"
4127,Ujaas Energy,3.6,"Power , 201-500 Employees , Public , 45 years old , Jaipur +15 more"
4136,Ravi,4.3,"Food Processing , 201-500 Employees (Global) , Public , 58 years old , Jaipur +12 more"
4157,PTCL,4.6,"Telecom , 10k-50k Employees (Global) , Public , 29 years old , Jaipur +7 more"
4158,Zee Laboratories,3.3,"Pharma , 201-500 Employees , Public , 31 years old , Jaipur +29 more"
4177,Securens System,4.2,"Law Enforcement & Security , 201-500 Employees , Startup , 12 years old , Jaipur +31 more"
4196,Bloom Dekor,2.9,"Furniture & Furnishing , 51-200 Employees , Public , 30 years old , Jaipur +8 more"
4235,HDIL,4.2,"Real Estate , 1k-5k Employees , Public , 28 years old , Jaipur +4 more"
4244,Criteo,3.6,"Internet , 1k-5k Employees (Global) , Public , 19 years old , Jaipur +1 more"
4252,Petoo,2.8,"Financial Services , 11-50 Employees (Global) , Startup , 9 years old , Jaipur +3 more"
4260,Bank of America Securities,4.4,"Investment Banking / Venture Capital / Private Equity , 51-200 Employees , Public , 15 years old , Jaipur +7 more"
4272,Prima Telecom,4.0,"Financial Services , 51-200 Employees , Public , 29 years old , Jaipur +4 more"
4276,Bell Finvest,2.7,"NBFC , 51-200 Employees , Public , 30 years old , Jaipur +43 more"
4291,Apollo Pipes,4.0,"Building Material , 201-500 Employees , Public , 24 years old , Jaipur +27 more"
4309,Concord Biotech,3.7,"Pharma , 501-1k Employees , Public , 24 years old , Jaipur +12 more"
4318,Lyka Labs,3.0,"Pharma , 201-500 Employees , Public , 48 years old , Jaipur +11 more"
4339,Binani Industries,4.6,"Building Material , 1k-5k Employees , Public , 152 years old , Jaipur +6 more"
4340,The Oriental Insurance Co.,4.5,"Insurance , 10k-50k Employees , Central , 77 years old , Jaipur +54 more"
4360,Eastern Treads,3.7,"Auto Components , 201-500 Employees , Public , 31 years old , Jaipur +6 more"
4377,PTCL,4.6,"Telecom , 10k-50k Employees (Global) , Public , 29 years old , Barbil +7 more"
4378,Zee Laboratories,3.3,"Pharma , 201-500 Employees , Public , 31 years old , Karnal +29 more"
4399,Ourfood,2.9,"Internet , 51-200 Employees , Startup , 8 years old , Jaipur +9 more"
4409,The MobileStore,4.3,"Internet , 501-1k Employees , Public , 18 years old , Jaipur +23 more"
4413,Gitanjali Gems,4.0,"Jewellery , 501-1k Employees , Public , 58 years old , Jaipur +14 more"
4417,Omnitech InfoSolutions,4.8,"IT Services & Consulting , 51-200 Employees , Public , 37 years old , Jaipur +7 more"
4418,Remi Sales & Engineering,3.2,"Medical Equipment , 201-500 Employees (Global) , Public , 64 years old , Jaipur +13 more"
4438,Saboo Sodium Chloro,2.0,"FMCG , 51-200 Employees , Public , 32 years old , Jaipur"
4457,Crocs,4.4,"Fashion & Textile , 51-200 Employees , Public , 22 years old , Jaipur +8 more"
4462,Ice Make Refrigeration,4.2,"Electrical Equipment , 501-1k Employees , Public , 31 years old , Jaipur +8 more"
4502,Talent,3.0,"Internet , 11-50 Employees , Startup , 9 years old , Jaipur +8 more"
4615,Bhagwan Mahaveer Jain Hospital,3.9,"Healthcare , 51-200 Employees , Public , 49 years old , Jaipur +4 more"
4714,Bhagwan Mahaveer Jain Hospital,3.9,"Healthcare , 51-200 Employees , Public , 49 years old , Jaipur +4 more"
4761,GE Money,4.8,"Financial Services , 1k-5k Employees , Public , 92 years old , Jaipur +15 more"
4770,Uniply Industries,3.1,"Furniture & Furnishing , 51-200 Employees , Public , 36 years old , Jaipur +8 more"
4833,Talent,3.0,"Internet , 11-50 Employees , Startup , 9 years old , Jaipur +8 more"
4909,Emirates Flight Catering,4.3,"Hospitality , 201-500 Employees , Public , 42 years old , Jaipur +12 more"
4931,Ion Exchange Services,3.6,"Waste Management , 1k-5k Employees (Global) , Public , 60 years old , Jaipur +22 more"
4966,Rajeswari Infrastructure,1.1,"Engineering & Construction , 51-200 Employees , Public , 31 years old , Jaipur +1 more"
5181,Aarav Unmanned Systems,3.6,"Aviation , 11-50 Employees , Startup , 11 years old , Jaipur +3 more"
5199,Bloom Dekor,2.9,"Furniture & Furnishing , 51-200 Employees , Public , 30 years old , Ahmedabad +8 more"
5250,Crocs,4.4,"Fashion & Textile , 51-200 Employees , Public , 22 years old , Jaipur +8 more"
5262,Eastern Treads,3.7,"Auto Components , 201-500 Employees , Public , 31 years old , Kochi +6 more"
5275,GE Money,4.8,"Financial Services , 1k-5k Employees , Public , 92 years old , Norwalk +15 more"
5312,NuvoEx,4.2,"Logistics , 1k-5k Employees , Startup , 11 years old , Jaipur +14 more"
5345,Kaminds Nutrichem,5.0,"Pharma , 1-10 Employees , Startup , 3 years old , Jaipur +1 more"
5452,Fortigo Network Logistics,3.8,"Internet , 51-200 Employees , Startup , 9 years old , Jaipur +15 more"
5455,Inspirisys Solution,3.9,"IT Services & Consulting , 1k-5k Employees , Public , 33 years old , Jaipur +43 more"
5610,Il&fs Environmental Infrastructure And Services,3.6,"Waste Management , 201-500 Employees , Public , 17 years old , Jaipur +8 more"
5673,Prest Loans (Asaf Ali Road),3.8,"Internet , 51-200 Employees (Global) , Startup , 7 years old , Delhi +4 more"
5696,AYN InfoTech,4.6,"IT Services & Consulting , 51-200 Employees , Public , 15 years old , Jaipur +12 more"
5707,Criteo,3.6,"Internet , 1k-5k Employees (Global) , Public , 19 years old , Jaipur +1 more"
5722,Life in Control,5.0,"Financial Services , 11-50 Employees (Global) , Startup , 9 years old , Jaipur"
5778,Rajeswari Infrastructure,1.1,"Engineering & Construction , 51-200 Employees , Public , 31 years old , Nagar +1 more"
5812,Ujala Credit Co-Operative Society,4.4,"Financial Services , 51-200 Employees , Public , 12 years old , Jaipur +28 more"
5836,Chase Bank,4.2,"Banking , 1 Lakh+ Employees (Global) , Public , 24 years old , Jaipur +5 more"
5851,Zostel,4.1,"Hospitality , 1-10 Employees , Startup , 11 years old , Jaipur +10 more"
5885,TAB Capital,4.6,"Financial Services , 51-200 Employees , Startup , 8 years old , Jaipur +3 more"
5896,Ujaas Energy,3.6,"Power , 201-500 Employees , Public , 45 years old , Jaipur +15 more"
5898,DB Digital,3.9,"Internet , 51-200 Employees , Startup , 4 years old , Jaipur +6 more"
6246,K D Digital Rajasthan,4.6,"Marketing & Advertising , 1-10 Employees , Startup , 3 years old , Udaipur +1 more"
6254,Code Accelerator Private Limited,5.0,"Marketing & Advertising , 1-10 Employees , Startup , 3 years old , Jaipur"
6471,Tara Jewels,4.5,"Jewellery , 1k-5k Employees (Global) , Public , 24 years old , Jaipur +5 more"
6476,ITC Wills Lifestyle,4.6,"Fashion & Textile , 201-500 Employees (Global) , Public , 114 years old , Jaipur +28 more"
6538,Winds E World,4.0,"Retail , 51-200 Employees , Public , 6 years old , Kolkata +11 more"
6541,Globe Capital Market,3.6,"Investment Banking / Venture Capital / Private Equity , 1k-5k Employees , Public , 40 years old , Jaipur +21 more"
6550,Zicom Electronic Security Systems,3.4,"Consumer Electronics & Appliances , 201-500 Employees , Public , 30 years old , Jaipur +14 more"
6694,AYN InfoTech,4.6,"IT Services & Consulting , 51-200 Employees , Public , 15 years old , Jaipur +12 more"
6816,Binani Industries,4.6,"Building Material , 1k-5k Employees , Public , 152 years old , Jaipur +6 more"
6817,The Oriental Insurance Co.,4.5,"Insurance , 10k-50k Employees , Central , 77 years old , Jaipur +54 more"
6881,DB Digital,3.9,"Internet , 51-200 Employees , Startup , 4 years old , Jaipur +6 more"
6957,Concord Biotech,3.7,"Pharma , 501-1k Employees , Public , 24 years old , Jaipur +12 more"
7076,EdHusk,4.8,"EdTech , 1-10 Employees (Global) , Startup , 7 years old , Jaipur"
7220,Delhi Institute of Digital Marketing (DIDM),3.6,"Education & Training , 51-200 Employees , Startup , 10 years old , Jaipur +6 more"
7257,Honor,4.9,"Internet , 1-10 Employees , Startup , 10 years old , Jaipur +5 more"
7297,Droplet,4.3,"Internet , 1-10 Employees , Startup , 9 years old , Jaipur +3 more"
7915,Illumnus,5.0,"EdTech , 11-50 Employees , Startup , 6 years old , Jaipur"
8010,Invito Software Solutions,4.9,"IT Services & Consulting , 11-50 Employees , Public , 5 years old , Mohali +2 more"
8252,Droplet,4.3,"Internet , 1-10 Employees , Startup , 9 years old , Jaipur +3 more"
8315,CureLink,3.8,"Healthcare , 51-200 Employees , Startup , 3 years old , Jaipur +4 more"
8331,pracemo global solutions,5.0,"IT Services & Consulting , 51-200 Employees , Startup , 4 years old , Jaipur"
8340,Branchx,4.3,"FinTech , 51-200 Employees , Startup , 4 years old , Jaipur +6 more"
8424,VOIZ,4.4,"BPO , 201-500 Employees , Startup , 2 years old , Jaipur +18 more"
8430,FrontRow,2.7,"Internet , 501-1k Employees , Startup , 4 years old , Jaipur +3 more"
8569,Illumnus,5.0,"EdTech , 11-50 Employees , Startup , 6 years old , Jaipur"
